des_name,hbd_hba_ratio,T_low,T_high,eta_low_T,eta_high_T,step_ratio,flag_nonmonotonic,flag_extreme_step
A:DA,1.0,25,30,143.2,62.9,2.2766295707472177,False,False
A:DA,1.0,30,35,62.9,25.8,2.437984496124031,False,False
A:DA,1.0,35,40,25.8,10.2,2.5294117647058827,False,False
A:DA,1.0,40,45,10.2,9.4,1.0851063829787233,False,False
A:DA,1.0,45,50,9.4,8.9,1.0561797752808988,False,False
A:DOA,1.0,25,30,74.3,33.6,2.2113095238095237,False,False
A:DOA,1.0,30,35,33.6,13.2,2.545454545454546,False,False
A:DOA,1.0,35,40,13.2,4.7,2.808510638297872,False,False
A:DOA,1.0,40,45,4.7,4.1,1.1463414634146343,False,False
A:DOA,1.0,45,50,4.1,3.5,1.1714285714285713,False,False
A:HA,1.0,25,30,86.2,40.7,2.117936117936118,False,False
A:HA,1.0,30,35,40.7,15.8,2.5759493670886076,False,False
A:HA,1.0,35,40,15.8,6.2,2.5483870967741935,False,False
A:HA,1.0,40,45,6.2,5.5,1.1272727272727272,False,False
A:HA,1.0,45,50,5.5,5.2,1.0576923076923077,False,False
A:OA,1.0,25,30,115.2,47.5,2.425263157894737,False,False
A:OA,1.0,30,35,47.5,19.7,2.4111675126903553,False,False
A:OA,1.0,35,40,19.7,8.9,2.2134831460674156,False,False
A:OA,1.0,40,45,8.9,8.2,1.0853658536585367,False,False
A:OA,1.0,45,50,8.2,7.6,1.0789473684210527,False,False
BBB:12BD,1.0,25,30,438.1,206.5,2.121549636803874,False,False
BBB:12BD,1.0,30,35,206.5,93.4,2.2109207708779444,False,False
BBB:12BD,1.0,35,40,93.4,85.2,1.096244131455399,False,False
BBB:12BD,1.0,40,45,85.2,78.1,1.090909090909091,False,False
BBB:12BD,1.0,45,50,78.1,71.4,1.0938375350140055,False,False
BBB:16HD,1.0,25,30,1094.3,495.2,2.2098142164781907,False,False
BBB:16HD,1.0,30,35,495.2,211.7,2.339159187529523,False,False
BBB:16HD,1.0,35,40,211.7,193.6,1.09349173553719,False,False
BBB:16HD,1.0,40,45,193.6,179.4,1.0791527313266442,False,False
BBB:16HD,1.0,45,50,179.4,165.2,1.0859564164648912,False,False
BBB:EG,1.0,25,30,347.2,164.6,2.109356014580802,False,False
BBB:EG,1.0,30,35,164.6,86.1,1.9117305458768874,False,False
BBB:EG,1.0,35,40,86.1,79.4,1.0843828715365238,False,False
BBB:EG,1.0,40,45,79.4,72.3,1.0982019363762103,False,False
BBB:EG,1.0,45,50,72.3,66.4,1.0888554216867468,False,False
BBB:G,0.5,25,30,536.9,242.8,2.211285008237232,False,False
BBB:G,0.5,30,35,242.8,108.6,2.23572744014733,False,False
BBB:G,0.5,35,40,108.6,45.9,2.366013071895425,False,False
BBB:G,0.5,40,45,45.9,36.9,1.2439024390243902,False,False
BBB:G,0.5,45,50,36.9,29.7,1.2424242424242424,False,False
BBB:GL,1.0,25,30,331.4,146.7,2.2590320381731424,False,False
BBB:GL,1.0,30,35,146.7,65.8,2.229483282674772,False,False
BBB:GL,1.0,35,40,65.8,24.1,2.730290456431535,False,False
BBB:GL,1.0,40,45,24.1,17.9,1.346368715083799,False,False
BBB:GL,1.0,45,50,17.9,11.2,1.5982142857142856,False,False
BBC:12BD,1.0,25,30,285.7,149.5,1.9110367892976587,False,False
BBC:12BD,1.0,30,35,149.5,82.4,1.8143203883495145,False,False
BBC:12BD,1.0,35,40,82.4,78.8,1.0456852791878173,False,False
BBC:12BD,1.0,40,45,78.8,69.4,1.1354466858789625,False,False
BBC:12BD,1.0,45,50,69.4,61.3,1.1321370309951062,False,False
BBC:16HD,1.0,25,30,314.3,150.7,2.0856005308560057,False,False
BBC:16HD,1.0,30,35,150.7,73.9,2.039242219215155,False,False
BBC:16HD,1.0,35,40,73.9,42.6,1.7347417840375587,False,False
BBC:16HD,1.0,40,45,42.6,36.7,1.1607629427792916,False,False
BBC:16HD,1.0,45,50,36.7,29.2,1.2568493150684932,False,False
BBC:C,0.5,25,30,214.0,96.3,2.2222222222222223,False,False
BBC:C,0.5,30,35,96.3,41.2,2.337378640776699,False,False
BBC:C,0.5,35,40,41.2,18.7,2.203208556149733,False,False
BBC:C,0.5,40,45,18.7,11.2,1.6696428571428572,False,False
BBC:C,0.5,45,50,11.2,7.9,1.4177215189873416,False,False
BBC:EG,1.0,25,30,258.0,118.3,2.180896027049873,False,False
BBC:EG,1.0,30,35,118.3,56.3,2.1012433392539966,False,False
BBC:EG,1.0,35,40,56.3,28.5,1.975438596491228,False,False
BBC:EG,1.0,40,45,28.5,22.7,1.2555066079295154,False,False
BBC:EG,1.0,45,50,22.7,17.1,1.3274853801169588,False,False
BBC:G,0.5,25,30,570.4,261.6,2.180428134556575,False,False
BBC:G,0.5,30,35,261.6,114.6,2.2827225130890056,False,False
BBC:G,0.5,35,40,114.6,47.2,2.427966101694915,False,False
BBC:G,0.5,40,45,47.2,39.8,1.1859296482412063,False,False
BBC:G,0.5,45,50,39.8,33.5,1.1880597014925371,False,False
BBC:GL,1.0,25,30,288.3,131.7,2.189066059225513,False,False
BBC:GL,1.0,30,35,131.7,56.3,2.339253996447602,False,False
BBC:GL,1.0,35,40,56.3,24.2,2.3264462809917354,False,False
BBC:GL,1.0,40,45,24.2,17.5,1.3828571428571428,False,False
BBC:GL,1.0,45,50,17.5,13.2,1.325757575757576,False,False
BBC:I,1.0,25,30,1023.6,493.2,2.075425790754258,False,False
BBC:I,1.0,30,35,493.2,216.4,2.2791127541589646,False,False
BBC:I,1.0,35,40,216.4,94.1,2.299681190223167,False,False
BBC:I,1.0,40,45,94.1,86.2,1.0916473317865427,False,False
BBC:I,1.0,45,50,86.2,79.5,1.0842767295597484,False,False
BBC:M,0.5,25,30,747.1,360.4,2.0729744728079913,False,False
BBC:M,0.5,30,35,360.4,171.4,2.102683780630105,False,False
BBC:M,0.5,35,40,171.4,58.7,2.9199318568994888,False,False
BBC:M,0.5,40,45,58.7,50.6,1.1600790513833992,False,False
BBC:M,0.5,45,50,50.6,41.9,1.20763723150358,False,False
BBC:O,0.5,25,30,870.0,419.8,2.0724154359218674,False,False
BBC:O,0.5,30,35,419.8,196.7,2.1342145399084904,False,False
BBC:O,0.5,35,40,196.7,86.2,2.2819025522041763,False,False
BBC:O,0.5,40,45,86.2,79.4,1.0856423173803527,False,False
BBC:O,0.5,45,50,79.4,71.2,1.1151685393258428,False,False
BBC:TW20,0.1,25,30,583.2,249.2,2.3402889245585876,False,False
BBC:TW20,0.1,30,35,249.2,111.6,2.2329749103942653,False,False
BBC:TW20,0.1,35,40,111.6,43.8,2.547945205479452,False,False
BBC:TW20,0.1,40,45,43.8,36.7,1.1934604904632151,False,False
BBC:TW20,0.1,45,50,36.7,31.9,1.1504702194357368,False,False
BBC:TX,0.1,25,30,473.1,205.9,2.297717338513842,False,False
BBC:TX,0.1,30,35,205.9,94.6,2.1765327695560255,False,False
BBC:TX,0.1,35,40,94.6,31.7,2.9842271293375395,False,False
BBC:TX,0.1,40,45,31.7,23.9,1.3263598326359833,False,False
BBC:TX,0.1,45,50,23.9,18.5,1.2918918918918918,False,False
BEC:I,1.0,25,30,982.6,451.8,2.17485613103143,False,False
BEC:I,1.0,30,35,451.8,197.2,2.2910750507099396,False,False
BEC:I,1.0,35,40,197.2,89.2,2.210762331838565,False,False
BEC:I,1.0,40,45,89.2,81.6,1.093137254901961,False,False
BEC:I,1.0,45,50,81.6,74.9,1.0894526034712948,False,False
BMC:12BD,1.0,25,30,231.7,104.3,2.221476510067114,False,False
BMC:12BD,1.0,30,35,104.3,53.7,1.9422718808193666,False,False
BMC:12BD,1.0,35,40,53.7,47.4,1.1329113924050633,False,False
BMC:12BD,1.0,40,45,47.4,43.2,1.097222222222222,False,False
BMC:12BD,1.0,45,50,43.2,39.8,1.0854271356783922,False,False
BMC:16HD,1.0,25,30,298.3,144.6,2.062932226832642,False,False
BMC:16HD,1.0,30,35,144.6,71.6,2.0195530726256985,False,False
BMC:16HD,1.0,35,40,71.6,32.7,2.18960244648318,False,False
BMC:16HD,1.0,40,45,32.7,28.4,1.1514084507042255,False,False
BMC:16HD,1.0,45,50,28.4,21.5,1.3209302325581396,False,False
BMC:C,0.5,25,30,109.4,56.7,1.9294532627865961,False,False
BMC:C,0.5,30,35,56.7,24.3,2.3333333333333335,False,False
BMC:C,0.5,35,40,24.3,18.6,1.3064516129032258,False,False
BMC:C,0.5,40,45,18.6,12.8,1.453125,False,False
BMC:C,0.5,45,50,12.8,9.2,1.3913043478260871,False,False
BMC:EG,1.0,25,30,137.3,73.7,1.8629579375848033,False,False
BMC:EG,1.0,30,35,73.7,37.2,1.9811827956989247,False,False
BMC:EG,1.0,35,40,37.2,15.6,2.384615384615385,False,False
BMC:EG,1.0,40,45,15.6,11.8,1.3220338983050846,False,False
BMC:EG,1.0,45,50,11.8,8.9,1.3258426966292136,False,False
BMC:F,0.5,25,30,837.2,390.1,2.146116380415278,False,False
BMC:F,0.5,30,35,390.1,178.2,2.1891133557800226,False,False
BMC:F,0.5,35,40,178.2,74.3,2.398384925975774,False,False
BMC:F,0.5,40,45,74.3,67.2,1.1056547619047619,False,False
BMC:F,0.5,45,50,67.2,59.7,1.1256281407035176,False,False
BMC:G,0.5,25,30,213.5,87.6,2.4372146118721463,False,False
BMC:G,0.5,30,35,87.6,36.4,2.4065934065934065,False,False
BMC:G,0.5,35,40,36.4,15.2,2.3947368421052633,False,False
BMC:G,0.5,40,45,15.2,11.6,1.3103448275862069,False,False
BMC:G,0.5,45,50,11.6,7.9,1.4683544303797467,False,False
BMC:GL,1.0,25,30,367.4,163.7,2.244349419670128,False,False
BMC:GL,1.0,30,35,163.7,74.8,2.1885026737967914,False,False
BMC:GL,1.0,35,40,74.8,31.4,2.3821656050955413,False,False
BMC:GL,1.0,40,45,31.4,25.9,1.2123552123552124,False,False
BMC:GL,1.0,45,50,25.9,21.2,1.221698113207547,False,False
BMC:I,1.0,25,30,946.7,449.7,2.1051812319323995,False,False
BMC:I,1.0,30,35,449.7,193.2,2.327639751552795,False,False
BMC:I,1.0,35,40,193.2,87.2,2.215596330275229,False,False
BMC:I,1.0,40,45,87.2,80.1,1.0886392009987518,False,False
BMC:I,1.0,45,50,80.1,74.3,1.0780619111709286,False,False
BMC:O,0.5,25,30,597.0,282.1,2.116270825948245,False,False
BMC:O,0.5,30,35,282.1,133.7,2.109947643979058,False,False
BMC:O,0.5,35,40,133.7,112.8,1.1852836879432624,False,False
BMC:O,0.5,40,45,112.8,96.5,1.1689119170984457,False,False
BMC:O,0.5,45,50,96.5,84.2,1.1460807600950118,False,False
BMC:S,0.5,25,30,523.6,230.6,2.2705984388551608,False,False
BMC:S,0.5,30,35,230.6,98.3,2.34587995930824,False,False
BMC:S,0.5,35,40,98.3,38.2,2.5732984293193715,False,False
BMC:S,0.5,40,45,38.2,29.9,1.2775919732441474,False,False
BMC:S,0.5,45,50,29.9,24.1,1.2406639004149376,False,False
BMC:TW20,0.1,25,30,802.9,363.8,2.206981858163826,False,False
BMC:TW20,0.1,30,35,363.8,155.8,2.335044929396662,False,False
BMC:TW20,0.1,35,40,155.8,68.5,2.2744525547445256,False,False
BMC:TW20,0.1,40,45,68.5,60.2,1.1378737541528239,False,False
BMC:TW20,0.1,45,50,60.2,55.7,1.0807899461400359,False,False
BMC:TW80,0.1,25,30,1074.8,489.4,2.196158561503882,False,False
BMC:TW80,0.1,30,35,489.4,201.5,2.4287841191066994,False,False
BMC:TW80,0.1,35,40,201.5,82.4,2.445388349514563,False,False
BMC:TW80,0.1,40,45,82.4,77.5,1.063225806451613,False,False
BMC:TW80,0.1,45,50,77.5,72.3,1.0719225449515906,False,False
BMC:TX100,0.1,25,30,993.7,470.2,2.1133560187154403,False,False
BMC:TX100,0.1,30,35,470.2,212.1,2.216878830740217,False,False
BMC:TX100,0.1,35,40,212.1,86.4,2.4548611111111107,False,False
BMC:TX100,0.1,40,45,86.4,78.3,1.1034482758620692,False,False
BMC:TX100,0.1,45,50,78.3,74.5,1.051006711409396,False,False
BMC:X,0.5,25,30,1012.3,485.4,2.085496497733828,False,False
BMC:X,0.5,30,35,485.4,211.3,2.2972077614765736,False,False
BMC:X,0.5,35,40,211.3,91.5,2.309289617486339,False,False
BMC:X,0.5,40,45,91.5,83.9,1.0905840286054826,False,False
BMC:X,0.5,45,50,83.9,76.5,1.096732026143791,False,False
C:DA,1.0,25,30,135.6,59.5,2.2789915966386554,False,False
C:DA,1.0,30,35,59.5,24.7,2.408906882591093,False,False
C:DA,1.0,35,40,24.7,11.1,2.225225225225225,False,False
C:DA,1.0,40,45,11.1,7.3,1.5205479452054795,False,False
C:DA,1.0,45,50,7.3,6.5,1.123076923076923,False,False
C:DOA,1.0,25,30,73.2,29.4,2.489795918367347,False,False
C:DOA,1.0,30,35,29.4,12.7,2.3149606299212597,False,False
C:DOA,1.0,35,40,12.7,5.1,2.4901960784313726,False,False
C:DOA,1.0,40,45,5.1,4.4,1.159090909090909,False,False
C:DOA,1.0,45,50,4.4,3.9,1.1282051282051284,False,False
C:HA,1.0,25,30,132.4,56.8,2.330985915492958,False,False
C:HA,1.0,30,35,56.8,23.2,2.4482758620689653,False,False
C:HA,1.0,35,40,23.2,10.5,2.2095238095238097,False,False
C:HA,1.0,40,45,10.5,8.9,1.1797752808988764,False,False
C:HA,1.0,45,50,8.9,8.2,1.0853658536585367,False,False
C:OA,1.0,25,30,165.3,73.6,2.2459239130434785,False,False
C:OA,1.0,30,35,73.6,28.5,2.582456140350877,False,False
C:OA,1.0,35,40,28.5,11.9,2.3949579831932772,False,False
C:OA,1.0,40,45,11.9,7.6,1.5657894736842106,False,False
C:OA,1.0,45,50,7.6,7.0,1.0857142857142856,False,False
CC:12BD,1.0,25,30,105.6,48.9,2.1595092024539877,False,False
CC:12BD,1.0,30,35,48.9,25.4,1.925196850393701,False,False
CC:12BD,1.0,35,40,25.4,18.7,1.3582887700534758,False,False
CC:12BD,1.0,40,45,18.7,14.8,1.2635135135135134,False,False
CC:12BD,1.0,45,50,14.8,9.6,1.5416666666666667,False,False
CC:16HD,1.0,25,30,112.6,49.2,2.2886178861788617,False,False
CC:16HD,1.0,30,35,49.2,28.7,1.7142857142857144,False,False
CC:16HD,1.0,35,40,28.7,21.6,1.3287037037037035,False,False
CC:16HD,1.0,40,45,21.6,15.9,1.358490566037736,False,False
CC:16HD,1.0,45,50,15.9,10.4,1.5288461538461537,False,False
CC:C,0.5,25,30,1094.0,481.8,2.2706517227065173,False,False
CC:C,0.5,30,35,481.8,202.8,2.3757396449704142,False,False
CC:C,0.5,35,40,202.8,97.6,2.0778688524590168,False,False
CC:C,0.5,40,45,97.6,82.4,1.1844660194174756,False,False
CC:C,0.5,45,50,82.4,75.7,1.0885072655217967,False,False
CC:EG,1.0,25,30,97.8,43.8,2.232876712328767,False,False
CC:EG,1.0,30,35,43.8,20.2,2.1683168316831685,False,False
CC:EG,1.0,35,40,20.2,16.4,1.2317073170731707,False,False
CC:EG,1.0,40,45,16.4,12.7,1.2913385826771653,False,False
CC:EG,1.0,45,50,12.7,8.9,1.4269662921348314,False,False
CC:F,0.5,25,30,1515.2,712.3,2.1271935982030046,False,False
CC:F,0.5,30,35,712.3,332.8,2.140324519230769,False,False
CC:F,0.5,35,40,332.8,148.2,2.2456140350877196,False,False
CC:F,0.5,40,45,148.2,140.6,1.054054054054054,False,False
CC:F,0.5,45,50,140.6,135.7,1.0361090641120119,False,False
CC:G,0.5,25,30,1543.2,1506.6,1.0242931103146158,False,False
CC:G,0.5,30,35,1506.6,703.9,2.1403608467111805,False,False
CC:G,0.5,35,40,703.9,312.6,2.251759436980166,False,False
CC:G,0.5,40,45,312.6,304.8,1.0255905511811023,False,False
CC:G,0.5,45,50,304.8,297.4,1.0248823133826497,False,False
CC:GL,1.0,25,30,402.7,183.9,2.1897770527460576,False,False
CC:GL,1.0,30,35,183.9,85.1,2.1609870740305523,False,False
CC:GL,1.0,35,40,85.1,35.7,2.3837535014005597,False,False
CC:GL,1.0,40,45,35.7,28.5,1.2526315789473685,False,False
CC:GL,1.0,45,50,28.5,23.4,1.217948717948718,False,False
CC:O,0.5,25,30,597.0,287.2,2.078690807799443,False,False
CC:O,0.5,30,35,287.2,122.6,2.3425774877650896,False,False
CC:O,0.5,35,40,122.6,50.8,2.4133858267716537,False,False
CC:O,0.5,40,45,50.8,39.7,1.2795969773299747,False,False
CC:O,0.5,45,50,39.7,31.2,1.2724358974358976,False,False
CC:S,0.5,25,30,1394.6,671.5,2.076842889054356,False,False
CC:S,0.5,30,35,671.5,323.8,2.073810994441013,False,False
CC:S,0.5,35,40,323.8,145.6,2.223901098901099,False,False
CC:S,0.5,40,45,145.6,137.2,1.0612244897959184,False,False
CC:S,0.5,45,50,137.2,130.6,1.0505359877488514,False,False
CC:T,0.5,25,30,610.6,287.4,2.1245650661099513,False,False
CC:T,0.5,30,35,287.4,124.6,2.306581059390048,False,False
CC:T,0.5,35,40,124.6,52.3,2.382409177820268,False,False
CC:T,0.5,40,45,52.3,44.6,1.1726457399103138,False,False
CC:T,0.5,45,50,44.6,36.2,1.2320441988950275,False,False
CC:TW20,0.1,25,30,491.2,190.9,2.573074908328968,False,False
CC:TW20,0.1,30,35,190.9,82.5,2.313939393939394,False,False
CC:TW20,0.1,35,40,82.5,34.6,2.384393063583815,False,False
CC:TW20,0.1,40,45,34.6,28.9,1.1972318339100347,False,False
CC:TW20,0.1,45,50,28.9,23.4,1.235042735042735,False,False
CC:TX,0.1,25,30,327.5,137.8,2.3766328011611026,False,False
CC:TX,0.1,30,35,137.8,52.3,2.634799235181645,False,False
CC:TX,0.1,35,40,52.3,19.2,2.7239583333333335,False,False
CC:TX,0.1,40,45,19.2,11.9,1.6134453781512603,False,False
CC:TX,0.1,45,50,11.9,8.5,1.4000000000000001,False,False
CC:X,0.5,25,30,1586.7,751.4,2.1116582379558158,False,False
CC:X,0.5,30,35,751.4,342.4,2.1945093457943927,False,False
CC:X,0.5,35,40,342.4,153.4,2.2320730117340286,False,False
CC:X,0.5,40,45,153.4,146.7,1.0456714383094752,False,False
CC:X,0.5,45,50,146.7,139.6,1.0508595988538683,False,False
Ca:L,0.5,25,30,665.8,296.4,2.2462887989203777,False,False
Ca:L,0.5,30,35,296.4,125.9,2.354249404289118,False,False
Ca:L,0.5,35,40,125.9,48.2,2.612033195020747,False,False
Ca:L,0.5,40,45,48.2,40.1,1.201995012468828,False,False
Ca:L,0.5,45,50,40.1,36.4,1.1016483516483517,False,False
Ca:M,0.5,25,30,483.7,222.9,2.170031404217138,False,False
Ca:M,0.5,30,35,222.9,89.7,2.4849498327759196,False,False
Ca:M,0.5,35,40,89.7,40.3,2.2258064516129035,False,False
Ca:M,0.5,40,45,40.3,32.4,1.2438271604938271,False,False
Ca:M,0.5,45,50,32.4,28.7,1.1289198606271778,False,False
Ca:S,0.5,25,30,712.8,318.3,2.2393967954759657,False,False
Ca:S,0.5,30,35,318.3,141.1,2.2558469170800852,False,False
Ca:S,0.5,35,40,141.1,54.7,2.579524680073126,False,False
Ca:S,0.5,40,45,54.7,46.2,1.183982683982684,False,False
Ca:S,0.5,45,50,46.2,39.8,1.1608040201005028,False,False
Cr:12BD,1.0,25,30,196.7,97.2,2.0236625514403292,False,False
Cr:12BD,1.0,30,35,97.2,40.5,2.4,False,False
Cr:12BD,1.0,35,40,40.5,28.7,1.411149825783972,False,False
Cr:12BD,1.0,40,45,28.7,20.9,1.3732057416267942,False,False
Cr:12BD,1.0,45,50,20.9,9.7,2.154639175257732,False,False
Cr:EG,1.0,25,30,125.0,58.7,2.1294718909710393,False,False
Cr:EG,1.0,30,35,58.7,30.6,1.9183006535947713,False,False
Cr:EG,1.0,35,40,30.6,23.8,1.2857142857142858,False,False
Cr:EG,1.0,40,45,23.8,18.7,1.2727272727272727,False,False
Cr:EG,1.0,45,50,18.7,12.4,1.5080645161290323,False,False
F:12BD,2.0,25,30,673.1,331.4,2.0310802655401328,False,False
F:12BD,2.0,30,35,331.4,184.1,1.8001086366105377,False,False
F:12BD,2.0,35,40,184.1,173.6,1.060483870967742,False,False
F:12BD,2.0,40,45,173.6,167.5,1.036417910447761,False,False
F:12BD,2.0,45,50,167.5,152.9,1.0954872465663832,False,False
F:GL,2.0,25,30,383.9,166.9,2.3001797483523068,False,False
F:GL,2.0,30,35,166.9,73.7,2.264586160108548,False,False
F:GL,2.0,35,40,73.7,36.5,2.019178082191781,False,False
F:GL,2.0,40,45,36.5,29.3,1.2457337883959043,False,False
F:GL,2.0,45,50,29.3,21.7,1.3502304147465438,False,False
F:TX,0.1,25,30,834.2,392.7,2.1242678889737716,False,False
F:TX,0.1,30,35,392.7,175.1,2.2427184466019416,False,False
F:TX,0.1,35,40,175.1,80.1,2.18601747815231,False,False
F:TX,0.1,40,45,80.1,71.9,1.1140472878998608,False,False
F:TX,0.1,45,50,71.9,64.2,1.1199376947040498,False,False
G:12BD,2.0,25,30,487.6,228.6,2.1329833770778652,False,False
G:12BD,2.0,30,35,228.6,92.3,2.47670639219935,False,False
G:12BD,2.0,35,40,92.3,87.7,1.0524515393386544,False,False
G:12BD,2.0,40,45,87.7,81.6,1.0747549019607845,False,False
G:12BD,2.0,45,50,81.6,74.2,1.099730458221024,False,False
G:GL,2.0,25,30,440.9,202.8,2.1740631163708084,False,False
G:GL,2.0,30,35,202.8,87.6,2.3150684931506853,False,False
G:GL,2.0,35,40,87.6,39.4,2.2233502538071064,False,False
G:GL,2.0,40,45,39.4,31.2,1.2628205128205128,False,False
G:GL,2.0,45,50,31.2,24.6,1.268292682926829,False,False
G:TX,0.1,25,30,1123.6,513.7,2.187268833949776,False,False
G:TX,0.1,30,35,513.7,231.8,2.2161345987920624,False,False
G:TX,0.1,35,40,231.8,58.6,3.955631399317406,False,False
G:TX,0.1,40,45,58.6,50.2,1.1673306772908365,False,False
G:TX,0.1,45,50,50.2,43.2,1.162037037037037,False,False
H:DA,1.0,25,30,128.7,56.2,2.290035587188612,False,False
H:DA,1.0,30,35,56.2,22.4,2.5089285714285716,False,False
H:DA,1.0,35,40,22.4,9.6,2.3333333333333335,False,False
H:DA,1.0,40,45,9.6,8.9,1.0786516853932584,False,False
H:DA,1.0,45,50,8.9,8.5,1.0470588235294118,False,False
H:DOA,1.0,25,30,82.6,35.6,2.320224719101123,False,False
H:DOA,1.0,30,35,35.6,14.8,2.4054054054054053,False,False
H:DOA,1.0,35,40,14.8,6.2,2.3870967741935485,False,False
H:DOA,1.0,40,45,6.2,5.6,1.1071428571428572,False,False
H:DOA,1.0,45,50,5.6,5.1,1.0980392156862746,False,False
H:HA,1.0,25,30,66.5,29.4,2.261904761904762,False,False
H:HA,1.0,30,35,29.4,11.0,2.6727272727272724,False,False
H:HA,1.0,35,40,11.0,4.7,2.3404255319148937,False,False
H:HA,1.0,40,45,4.7,4.1,1.1463414634146343,False,False
H:HA,1.0,45,50,4.1,3.7,1.108108108108108,False,False
H:OA,1.0,25,30,98.6,41.3,2.387409200968523,False,False
H:OA,1.0,30,35,41.3,18.7,2.2085561497326203,False,False
H:OA,1.0,35,40,18.7,8.5,2.1999999999999997,False,False
H:OA,1.0,40,45,8.5,7.8,1.0897435897435899,False,False
H:OA,1.0,45,50,7.8,7.3,1.0684931506849316,False,False
I:F,0.5,25,30,1280.0,618.6,2.0691884901390236,False,False
I:F,0.5,30,35,618.6,286.3,2.1606706252183026,False,False
I:F,0.5,35,40,286.3,131.2,2.182164634146342,False,False
I:F,0.5,40,45,131.2,125.3,1.0470869912210694,False,False
I:F,0.5,45,50,125.3,118.9,1.0538267451640033,False,False
I:G,0.5,25,30,1198.0,565.7,2.1177302457132754,False,False
I:G,0.5,30,35,565.7,259.3,2.181642884689549,False,False
I:G,0.5,35,40,259.3,112.7,2.3007985803016857,False,False
I:G,0.5,40,45,112.7,105.3,1.070275403608737,False,False
I:G,0.5,45,50,105.3,97.2,1.0833333333333333,False,False
I:S,0.5,25,30,2528.0,1193.7,2.1177850381167795,False,False
I:S,0.5,30,35,1193.7,588.5,2.0283772302463894,False,False
I:S,0.5,35,40,588.5,268.4,2.1926229508196724,False,False
I:S,0.5,40,45,268.4,259.7,1.0335001925298422,False,False
I:S,0.5,45,50,259.7,251.6,1.0321939586645468,False,False
I:TW20,0.1,25,30,783.4,366.2,2.139268159475696,False,False
I:TW20,0.1,30,35,366.2,172.2,2.126596980255517,False,False
I:TW20,0.1,35,40,172.2,66.5,2.589473684210526,False,False
I:TW20,0.1,40,45,66.5,58.7,1.1328790459965927,False,False
I:TW20,0.1,45,50,58.7,50.4,1.1646825396825398,False,False
I:TW80,0.1,25,30,893.2,365.2,2.4457831325301207,False,False
I:TW80,0.1,30,35,365.2,161.7,2.2585034013605445,False,False
I:TW80,0.1,35,40,161.7,69.4,2.3299711815561954,False,False
I:TW80,0.1,40,45,69.4,61.5,1.1284552845528457,False,False
I:TW80,0.1,45,50,61.5,57.2,1.0751748251748252,False,False
I:TX100,0.1,25,30,926.5,428.7,2.1611849778399814,False,False
I:TX100,0.1,30,35,428.7,187.4,2.2876200640341513,False,False
I:TX100,0.1,35,40,187.4,77.2,2.4274611398963732,False,False
I:TX100,0.1,40,45,77.2,70.4,1.096590909090909,False,False
I:TX100,0.1,45,50,70.4,64.3,1.094867807153966,False,False
I:X,0.5,25,30,1987.0,963.5,2.0622729631551633,False,False
I:X,0.5,30,35,963.5,448.9,2.1463577634216975,False,False
I:X,0.5,35,40,448.9,191.5,2.344125326370757,False,False
I:X,0.5,40,45,191.5,185.2,1.0340172786177106,False,False
I:X,0.5,45,50,185.2,179.6,1.0311804008908685,False,False
L:DA,1.0,25,30,108.4,44.2,2.4524886877828056,False,False
L:DA,1.0,30,35,44.2,19.3,2.290155440414508,False,False
L:DA,1.0,35,40,19.3,9.1,2.120879120879121,False,False
L:DA,1.0,40,45,9.1,8.4,1.0833333333333333,False,False
L:DA,1.0,45,50,8.4,7.8,1.076923076923077,False,False
L:DOA,1.0,25,30,87.4,36.2,2.414364640883978,False,False
L:DOA,1.0,30,35,36.2,14.6,2.4794520547945207,False,False
L:DOA,1.0,35,40,14.6,6.7,2.1791044776119404,False,False
L:DOA,1.0,40,45,6.7,5.8,1.1551724137931034,False,False
L:DOA,1.0,45,50,5.8,5.2,1.1153846153846154,False,False
L:HA,1.0,25,30,51.4,20.0,2.57,False,False
L:HA,1.0,30,35,20.0,8.5,2.3529411764705883,False,False
L:HA,1.0,35,40,8.5,3.9,2.1794871794871797,False,False
L:HA,1.0,40,45,3.9,3.3,1.1818181818181819,False,False
L:HA,1.0,45,50,3.3,3.1,1.064516129032258,False,False
L:OA,1.0,25,30,74.1,30.6,2.4215686274509802,False,False
L:OA,1.0,30,35,30.6,12.6,2.428571428571429,False,False
L:OA,1.0,35,40,12.6,5.8,2.1724137931034484,False,False
L:OA,1.0,40,45,5.8,5.1,1.1372549019607843,False,False
L:OA,1.0,45,50,5.1,4.7,1.0851063829787233,False,False
L:P400,1.0,25,30,1745.2,840.1,2.07737174145935,False,False
L:P400,1.0,30,35,840.1,393.6,2.134400406504065,False,False
L:P400,1.0,35,45,393.6,166.3,2.3668069753457606,False,False
L:P400,1.0,45,50,166.3,161.2,1.0316377171215882,False,False
M:12BD,2.0,25,30,753.1,363.8,2.0700934579439254,False,False
M:12BD,2.0,30,35,363.8,201.8,1.802775024777007,False,False
M:12BD,2.0,35,40,201.8,179.6,1.123608017817372,False,False
M:12BD,2.0,40,45,179.6,163.8,1.0964590964590963,False,False
M:12BD,2.0,45,50,163.8,140.7,1.1641791044776122,False,False
M:F,0.5,25,30,1180.4,556.4,2.121495327102804,False,False
M:F,0.5,30,35,556.4,227.3,2.4478662560492737,False,False
M:F,0.5,35,40,227.3,97.3,2.3360739979445015,False,False
M:F,0.5,40,45,97.3,89.1,1.0920314253647587,False,False
M:F,0.5,45,50,89.1,81.9,1.0879120879120878,False,False
M:G,0.5,25,30,1138.3,547.5,2.0790867579908676,False,False
M:G,0.5,30,35,547.5,233.6,2.34375,False,False
M:G,0.5,35,40,233.6,102.9,2.270165208940719,False,False
M:G,0.5,40,45,102.9,94.6,1.0877378435517973,False,False
M:G,0.5,45,50,94.6,87.2,1.0848623853211008,False,False
M:L,0.5,25,30,1045.8,472.4,2.2138018628281118,False,False
M:L,0.5,30,35,472.4,212.9,2.218882104274307,False,False
M:L,0.5,35,40,212.9,96.7,2.201654601861427,False,False
M:L,0.5,40,45,96.7,89.5,1.0804469273743018,False,False
M:L,0.5,45,50,89.5,81.5,1.098159509202454,False,False
M:M,0.5,25,30,1861.5,887.3,2.097937563394568,False,False
M:M,0.5,30,35,887.3,421.7,2.1041024424946646,False,False
M:M,0.5,35,40,421.7,195.8,2.153728294177732,False,False
M:M,0.5,40,45,195.8,187.2,1.045940170940171,False,False
M:M,0.5,45,50,187.2,179.8,1.0411568409343714,False,False
M:P400,1.0,25,30,1784.2,849.6,2.100047080979284,False,False
M:P400,1.0,30,35,849.6,406.5,2.090036900369004,False,False
M:P400,1.0,35,40,406.5,189.2,2.1485200845665964,False,False
M:P400,1.0,40,45,189.2,182.7,1.0355774493705527,False,False
M:P400,1.0,45,50,182.7,178.5,1.0235294117647058,False,False
M:S,0.5,25,30,1987.3,961.2,2.067519766957969,False,False
M:S,0.5,30,35,961.2,394.6,2.435884439939179,False,False
M:S,0.5,35,40,394.6,165.3,2.3871748336358136,False,False
M:S,0.5,40,45,165.3,158.7,1.0415879017013234,False,False
M:S,0.5,45,50,158.7,150.2,1.0565912117177096,False,False
M:X,0.5,25,30,1634.2,793.6,2.0592237903225805,False,False
M:X,0.5,30,35,793.6,374.3,2.1202244189153086,False,False
M:X,0.5,35,40,374.3,172.8,2.166087962962963,False,False
M:X,0.5,40,45,172.8,165.2,1.0460048426150121,False,False
M:X,0.5,45,50,165.2,158.7,1.040957781978576,False,False
P400:F,1.0,25,30,1637.2,804.5,2.035052827843381,False,False
P400:F,1.0,30,35,804.5,373.6,2.153372591006424,False,False
P400:F,1.0,35,40,373.6,175.6,2.127562642369021,False,False
P400:F,1.0,40,45,175.6,167.2,1.0502392344497609,False,False
P400:F,1.0,45,50,167.2,159.8,1.0463078848560698,False,False
P400:G,1.0,25,30,1187.7,953.2,1.2460134284515316,False,False
P400:G,1.0,30,35,953.2,456.4,2.0885188431200703,False,False
P400:G,1.0,35,40,456.4,246.3,1.8530247665448638,False,False
P400:G,1.0,40,45,246.3,239.4,1.0288220551378446,False,False
P400:G,1.0,45,50,239.4,231.6,1.033678756476684,False,False
S:12BD,2.0,25,30,822.4,396.3,2.07519555892001,False,False
S:12BD,2.0,30,35,396.3,203.2,1.9502952755905514,False,False
S:12BD,2.0,35,40,203.2,186.4,1.0901287553648067,False,False
S:12BD,2.0,40,45,186.4,170.2,1.0951821386603997,False,False
S:12BD,2.0,45,50,170.2,155.7,1.0931278098908157,False,False
S:GL,2.0,25,30,736.9,347.3,2.121796717535272,False,False
S:GL,2.0,30,35,347.3,160.3,2.1665626949469745,False,False
S:GL,2.0,35,40,160.3,72.8,2.201923076923077,False,False
S:GL,2.0,40,45,72.8,67.9,1.0721649484536082,False,False
S:GL,2.0,45,50,67.9,60.2,1.127906976744186,False,False
S:P400,1.0,25,30,1713.6,818.2,2.094353458812026,False,False
S:P400,1.0,30,35,818.2,371.8,2.200645508337816,False,False
S:P400,1.0,35,40,371.8,164.7,2.2574377656344873,False,False
S:P400,1.0,40,45,164.7,156.8,1.0503826530612244,False,False
S:P400,1.0,45,50,156.8,149.2,1.0509383378016088,False,False
TBB:12BD,1.0,25,30,426.3,201.8,2.112487611496531,False,False
TBB:12BD,1.0,30,35,201.8,89.2,2.2623318385650224,False,False
TBB:12BD,1.0,35,40,89.2,82.7,1.0785973397823458,False,False
TBB:12BD,1.0,40,45,82.7,75.6,1.093915343915344,False,False
TBB:12BD,1.0,45,50,75.6,68.4,1.1052631578947367,False,False
TBB:16HD,1.0,25,30,618.4,304.3,2.0322050607952677,False,False
TBB:16HD,1.0,30,35,304.3,165.9,1.8342374924653406,False,False
TBB:16HD,1.0,35,40,165.9,151.7,1.0936058009228742,False,False
TBB:16HD,1.0,40,45,151.7,143.6,1.0564066852367688,False,False
TBB:16HD,1.0,45,50,143.6,129.5,1.1088803088803088,False,False
TBB:EG,1.0,25,30,236.5,108.4,2.181734317343173,False,False
TBB:EG,1.0,30,35,108.4,46.5,2.331182795698925,False,False
TBB:EG,1.0,35,40,46.5,39.4,1.1802030456852792,False,False
TBB:EG,1.0,40,45,39.4,32.7,1.204892966360856,False,False
TBB:EG,1.0,45,50,32.7,25.8,1.2674418604651163,False,False
TBB:G,0.5,25,30,440.9,198.6,2.2200402819738168,False,False
TBB:G,0.5,30,35,198.6,86.5,2.2959537572254334,False,False
TBB:G,0.5,35,40,86.5,35.6,2.4297752808988764,False,False
TBB:G,0.5,40,45,35.6,27.4,1.299270072992701,False,False
TBB:G,0.5,45,50,27.4,21.2,1.2924528301886793,False,False
TBC:I,1.0,25,30,712.5,320.4,2.2237827715355807,False,False
TBC:I,1.0,30,35,320.4,144.5,2.2173010380622835,False,False
TBC:I,1.0,35,40,144.5,63.2,2.286392405063291,False,False
TBC:I,1.0,40,45,63.2,55.4,1.1407942238267148,False,False
TBC:I,1.0,45,50,55.4,49.6,1.1169354838709677,False,False
TBC:TX,0.1,25,30,403.6,171.9,2.3478766724840026,False,False
TBC:TX,0.1,30,35,171.9,72.8,2.3612637362637363,False,False
TBC:TX,0.1,35,40,72.8,27.4,2.656934306569343,False,False
TBC:TX,0.1,40,45,27.4,19.7,1.3908629441624365,False,False
TBC:TX,0.1,45,50,19.7,12.9,1.5271317829457363,False,False
TEB:L,0.5,25,30,415.2,287.2,1.4456824512534818,False,False
TEB:L,0.5,30,35,287.2,128.2,2.2402496099843994,False,False
TEB:L,0.5,35,40,128.2,56.4,2.2730496453900706,False,False
TEB:L,0.5,40,45,56.4,49.8,1.1325301204819278,False,False
TEB:L,0.5,45,50,49.8,40.3,1.2357320099255584,False,False
TEB:M,0.5,25,30,542.2,207.3,2.6155330438977327,False,False
TEB:M,0.5,30,35,207.3,95.8,2.163883089770355,False,False
TEB:M,0.5,35,40,95.8,39.7,2.4130982367758183,False,False
TEB:M,0.5,40,45,39.7,30.4,1.3059210526315792,False,False
TEB:M,0.5,45,50,30.4,23.6,1.2881355932203389,False,False
TEB:T,0.5,25,30,647.7,291.7,2.2204319506342136,False,False
TEB:T,0.5,30,35,291.7,138.9,2.1000719942404604,False,False
TEB:T,0.5,35,40,138.9,63.5,2.18740157480315,False,False
TEB:T,0.5,40,45,63.5,57.9,1.0967184801381693,False,False
TEB:T,0.5,45,50,57.9,50.2,1.1533864541832668,False,False
TEC:C,0.5,25,30,633.4,294.7,2.149304377332881,False,False
TEC:C,0.5,30,35,294.7,131.9,2.2342683851402576,False,False
TEC:C,0.5,35,40,131.9,52.7,2.5028462998102468,False,False
TEC:C,0.5,40,45,52.7,48.6,1.0843621399176955,False,False
TEC:C,0.5,45,50,48.6,40.3,1.205955334987593,False,False
TEC:I,1.0,25,30,689.2,314.7,2.190022243406419,False,False
TEC:I,1.0,30,35,314.7,128.3,2.452844894777864,False,False
TEC:I,1.0,35,40,128.3,50.6,2.5355731225296445,False,False
TEC:I,1.0,40,45,50.6,42.7,1.1850117096018735,False,False
TEC:I,1.0,45,50,42.7,36.4,1.1730769230769231,False,False
TEC:L,0.5,25,30,646.3,309.6,2.0875322997416017,False,False
TEC:L,0.5,30,35,309.6,136.3,2.271460014673514,False,False
TEC:L,0.5,35,40,136.3,58.4,2.3339041095890414,False,False
TEC:L,0.5,40,45,58.4,50.3,1.1610337972166997,False,False
TEC:L,0.5,45,50,50.3,42.8,1.175233644859813,False,False
TEC:M,0.5,25,30,435.4,202.7,2.1480019733596447,False,False
TEC:M,0.5,30,35,202.7,91.7,2.2104689203925845,False,False
TEC:M,0.5,35,40,91.7,39.6,2.3156565656565657,False,False
TEC:M,0.5,40,45,39.6,31.7,1.249211356466877,False,False
TEC:M,0.5,45,50,31.7,24.8,1.2782258064516128,False,False
TEC:O,0.5,25,30,1013.5,483.1,2.0979093355412957,False,False
TEC:O,0.5,30,35,483.1,211.3,2.2863227638428776,False,False
TEC:O,0.5,35,40,211.3,97.6,2.1649590163934427,False,False
TEC:O,0.5,40,45,97.6,89.4,1.0917225950782996,False,False
TEC:O,0.5,45,50,89.4,81.2,1.1009852216748768,False,False
TEC:T,0.5,25,30,562.4,228.6,2.4601924759405076,False,False
TEC:T,0.5,30,35,228.6,98.7,2.316109422492401,False,False
TEC:T,0.5,35,40,98.7,43.9,2.2482915717539864,False,False
TEC:T,0.5,40,45,43.9,35.8,1.2262569832402235,False,False
TEC:T,0.5,45,50,35.8,28.3,1.2650176678445229,False,False
TMC:C,0.5,25,30,491.5,223.5,2.19910514541387,False,False
TMC:C,0.5,30,35,223.5,95.7,2.335423197492163,False,False
TMC:C,0.5,35,40,95.7,42.6,2.2464788732394365,False,False
TMC:C,0.5,40,45,42.6,36.2,1.1767955801104972,False,False
TMC:C,0.5,45,50,36.2,29.6,1.222972972972973,False,False
TMC:I,1.0,25,30,743.6,363.6,2.0451045104510452,False,False
TMC:I,1.0,30,35,363.6,168.3,2.160427807486631,False,False
TMC:I,1.0,35,40,168.3,72.4,2.324585635359116,False,False
TMC:I,1.0,40,45,72.4,65.2,1.1104294478527608,False,False
TMC:I,1.0,45,50,65.2,60.1,1.0848585690515806,False,False
TMC:L,0.5,25,30,783.2,372.2,2.1042450295540034,False,False
TMC:L,0.5,30,35,372.2,161.5,2.304643962848297,False,False
TMC:L,0.5,35,40,161.5,73.4,2.2002724795640325,False,False
TMC:L,0.5,40,45,73.4,67.8,1.0825958702064897,False,False
TMC:L,0.5,45,50,67.8,60.2,1.1262458471760797,False,False
TMC:M,0.5,25,30,927.6,442.4,2.0967450271247743,False,False
TMC:M,0.5,30,35,442.4,207.5,2.132048192771084,False,False
TMC:M,0.5,35,40,207.5,97.1,2.13697219361483,False,False
TMC:M,0.5,40,45,97.1,90.3,1.0753045404208195,False,False
TMC:M,0.5,45,50,90.3,84.2,1.0724465558194773,False,False
TW20:DA,10.0,25,30,105.6,42.2,2.502369668246445,False,False
TW20:DA,10.0,30,35,42.2,16.5,2.5575757575757576,False,False
TW20:DA,10.0,35,40,16.5,7.5,2.2,False,False
TW20:DA,10.0,40,45,7.5,6.8,1.1029411764705883,False,False
TW20:DA,10.0,45,50,6.8,6.2,1.096774193548387,False,False
TW20:DOA,10.0,25,30,112.3,45.3,2.479028697571744,False,False
TW20:DOA,10.0,30,35,45.3,18.8,2.4095744680851063,False,False
TW20:DOA,10.0,35,40,18.8,7.3,2.5753424657534247,False,False
TW20:DOA,10.0,40,45,7.3,6.5,1.123076923076923,False,False
TW20:DOA,10.0,45,50,6.5,6.0,1.0833333333333333,False,False
TW80:DA,10.0,25,30,121.6,46.3,2.626349892008639,False,False
TW80:DA,10.0,30,35,46.3,21.9,2.1141552511415527,False,False
TW80:DA,10.0,35,40,21.9,9.1,2.4065934065934065,False,False
TW80:DA,10.0,40,45,9.1,8.3,1.0963855421686746,False,False
TW80:DA,10.0,45,50,8.3,7.8,1.0641025641025643,False,False
TW80:DOA,10.0,25,30,118.2,45.8,2.5807860262008737,False,False
TW80:DOA,10.0,30,35,45.8,19.4,2.3608247422680413,False,False
TW80:DOA,10.0,35,40,19.4,8.5,2.2823529411764705,False,False
TW80:DOA,10.0,40,45,8.5,7.8,1.0897435897435899,False,False
TW80:DOA,10.0,45,50,7.8,7.1,1.0985915492957747,False,False
TX100:DA,10.0,25,30,111.5,43.2,2.581018518518518,False,False
TX100:DA,10.0,30,35,43.2,18.5,2.3351351351351353,False,False
TX100:DA,10.0,35,40,18.5,7.9,2.3417721518987342,False,False
TX100:DA,10.0,40,45,7.9,7.1,1.1126760563380282,False,False
TX100:DA,10.0,45,50,7.1,6.7,1.0597014925373134,False,False
TX100:DOA,10.0,25,30,106.9,39.5,2.706329113924051,False,False
TX100:DOA,10.0,30,35,39.5,15.1,2.6158940397350996,False,False
TX100:DOA,10.0,35,40,15.1,6.4,2.359375,False,False
TX100:DOA,10.0,40,45,6.4,5.8,1.103448275862069,False,False
TX100:DOA,10.0,45,50,5.8,5.3,1.0943396226415094,False,False
X:12BD,2.0,25,30,532.6,258.9,2.05716492854384,False,False
X:12BD,2.0,30,35,258.9,115.1,2.2493483927019984,False,False
X:12BD,2.0,35,40,115.1,97.5,1.1805128205128204,False,False
X:12BD,2.0,40,45,97.5,89.2,1.09304932735426,False,False
X:12BD,2.0,45,50,89.2,81.6,1.093137254901961,False,False
X:GL,2.0,25,30,1182.0,568.3,2.0798873834242477,False,False
X:GL,2.0,30,35,568.3,261.5,2.1732313575525812,False,False
X:GL,2.0,35,40,261.5,112.4,2.326512455516014,False,False
X:GL,2.0,40,45,112.4,106.8,1.052434456928839,False,False
X:GL,2.0,45,50,106.8,99.7,1.0712136409227682,False,False
X:P400,1.0,25,30,1738.5,843.6,2.060810810810811,False,False
X:P400,1.0,30,35,843.6,407.2,2.0717092337917484,False,False
X:P400,1.0,35,40,407.2,188.4,2.1613588110403397,False,False
X:P400,1.0,40,45,188.4,180.7,1.042612064194798,False,False
X:P400,1.0,45,50,180.7,175.2,1.0313926940639269,False,False
X:TX,0.1,25,30,1216.8,587.3,2.0718542482547253,False,False
X:TX,0.1,30,35,587.3,234.2,2.5076857386848848,False,False
X:TX,0.1,35,40,234.2,96.8,2.4194214876033056,False,False
X:TX,0.1,40,45,96.8,89.4,1.0827740492170022,False,False
X:TX,0.1,45,50,89.4,83.5,1.0706586826347306,False,False
