fold,fraction,subsample,n_train_systems,n_train_rows,r2,rmsle
1,0.2,0,19,114,0.3646312888327723,0.8754444133195662
1,0.2,1,19,114,0.22712421709576114,0.8674329205678158
1,0.2,2,19,114,0.4051807045390141,0.7504253674745105
1,0.2,3,19,114,0.5112091850880325,0.7890809670043902
1,0.2,4,19,114,0.20876760625710145,0.8412507529741745
1,0.4,0,38,228,0.3519954817568679,0.8060774976631274
1,0.4,1,38,228,0.3017379891380828,0.8123056299745207
1,0.4,2,38,228,0.5444271145497246,0.7394329913358367
1,0.4,3,38,228,0.4521087790915792,0.745991165686089
1,0.4,4,38,228,0.4567688912138629,0.7681322807632158
1,0.6,0,58,348,0.31315116760656636,0.8096520040679063
1,0.6,1,58,348,0.3845764723654731,0.7506459450956855
1,0.6,2,58,348,0.4767199496221006,0.7096890603563718
1,0.6,3,58,348,0.4643253457589437,0.7652191443024972
1,0.6,4,58,348,0.4693901832248233,0.731744611135324
1,0.8,0,77,462,0.4845880067766988,0.6990939852371606
1,0.8,1,77,462,0.4612869532686569,0.7153844328794754
1,0.8,2,77,462,0.44419456857574613,0.7335656764954751
1,0.8,3,77,462,0.5009848547952651,0.7466913415474483
1,0.8,4,77,462,0.49003969265474834,0.7312583259210333
1,1.0,0,96,576,0.48005591580451634,0.7172939934325941
2,0.2,0,19,114,0.05547645688713243,1.0307072638785957
2,0.2,1,19,114,0.3612302284068951,0.7574344858382333
2,0.2,2,19,114,0.49543849307381205,0.7778979160571274
2,0.2,3,19,114,0.6139808275290874,0.6654404999418241
2,0.2,4,19,114,0.3392100377240179,0.694049382600625
2,0.4,0,39,234,0.5745397995606136,0.6274296929052171
2,0.4,1,39,233,0.5767735255828944,0.612782615669176
2,0.4,2,39,234,0.7273163630950268,0.609032019600015
2,0.4,3,39,233,0.5266990877095614,0.6906129530515848
2,0.4,4,39,234,0.5515006679395908,0.6593979516346051
2,0.6,0,58,348,0.6261911586657634,0.5590672858690652
2,0.6,1,58,347,0.695335886486733,0.515822810736028
2,0.6,2,58,348,0.6911325294573847,0.5064039755959624
2,0.6,3,58,347,0.6200874309964453,0.5750961405565667
2,0.6,4,58,348,0.5746000910847052,0.625839386928763
2,0.8,0,78,468,0.6613942822627983,0.5082469852638875
2,0.8,1,78,467,0.6167045652473659,0.5543886459286728
2,0.8,2,78,467,0.7053943857540358,0.4841271811283075
2,0.8,3,78,467,0.6480335823943797,0.6342211181823244
2,0.8,4,78,467,0.6829738656393449,0.5792391337019489
2,1.0,0,97,581,0.6929312891058913,0.49838645246325197
3,0.2,0,19,114,0.17938350394777514,0.9561138676178998
3,0.2,1,19,114,0.27650749416193077,0.8688212309740428
3,0.2,2,19,114,0.43668247350328426,0.928788397000954
3,0.2,3,19,114,0.25794940252304377,0.8984613765911144
3,0.2,4,19,114,0.4145423468560241,0.8906313219718944
3,0.4,0,39,234,0.5030578786820737,0.7475184591928753
3,0.4,1,39,233,0.44911537617689734,0.7579874699986096
3,0.4,2,39,234,0.5806631643948243,0.6521731155632605
3,0.4,3,39,233,0.4392243316580978,0.8882730695887502
3,0.4,4,39,234,0.476647581814563,0.8635876120908623
3,0.6,0,58,348,0.5769591177017921,0.6931324595735227
3,0.6,1,58,347,0.540237247250339,0.6625848630154407
3,0.6,2,58,348,0.6325316793542992,0.5919398441557276
3,0.6,3,58,347,0.5029063647876313,0.7580104538675523
3,0.6,4,58,348,0.4411073869962452,0.8050825127035267
3,0.8,0,78,468,0.6514157057731679,0.5751442326807795
3,0.8,1,78,467,0.5781201219401155,0.6417423263488807
3,0.8,2,78,467,0.6171747877203986,0.5795046592124159
3,0.8,3,78,467,0.5987358620406003,0.6725251411087824
3,0.8,4,78,467,0.6805239518066153,0.5566024669266838
3,1.0,0,97,581,0.6766864218073034,0.5497395275921682
4,0.2,0,19,113,0.3682325301012854,0.8562119918898637
4,0.2,1,19,114,0.3690812776157866,0.8035709424590698
4,0.2,2,19,114,0.4740418313107527,0.8444807589381771
4,0.2,3,19,114,0.5563214231215877,0.7942742139785207
4,0.2,4,19,114,0.32135230178361207,0.8068396990417298
4,0.4,0,39,233,0.6161955494368787,0.7507967971144726
4,0.4,1,39,234,0.6542894191913704,0.6794978690688339
4,0.4,2,39,234,0.6731637944596688,0.6585870876740662
4,0.4,3,39,234,0.6424938514760608,0.6955314542717078
4,0.4,4,39,234,0.6158947360470933,0.6410038152341947
4,0.6,0,58,347,0.699175991561919,0.6046015320158886
4,0.6,1,58,347,0.6662612048685734,0.6296189840187767
4,0.6,2,58,347,0.6950118765238616,0.5757662422791877
4,0.6,3,58,347,0.686480586852699,0.6154923114285875
4,0.6,4,58,347,0.6980582324518265,0.6018715815332145
4,0.8,0,78,467,0.7582614802426905,0.558450527955301
4,0.8,1,78,467,0.7322839571133694,0.5333134792328279
4,0.8,2,78,467,0.7407037552286604,0.5113138050897587
4,0.8,3,78,467,0.7410053887691163,0.5402140512801958
4,0.8,4,78,467,0.7660928403767078,0.5641889937621712
4,1.0,0,97,581,0.749543118786439,0.5334710548964718
5,0.2,0,19,114,0.38177045747299776,0.7129412392491057
5,0.2,1,19,114,0.3893753274437576,0.7455554887461168
5,0.2,2,19,114,0.5045227512015794,0.6817994232153227
5,0.2,3,19,114,0.35378764420859876,0.7972049469470847
5,0.2,4,19,114,0.5723548894460768,0.6286475668371246
5,0.4,0,39,234,0.5907250745046759,0.6284465986725765
5,0.4,1,39,234,0.6239389634458381,0.6082680562798561
5,0.4,2,39,234,0.6696633433007317,0.4914523007961075
5,0.4,3,39,234,0.5674018755882575,0.5761296289877993
5,0.4,4,39,234,0.6236491671062614,0.5926235757479904
5,0.6,0,58,348,0.7148804793378984,0.5715723896103635
5,0.6,1,58,348,0.7386139521357156,0.5429638492515796
5,0.6,2,58,348,0.7135939725468513,0.47157982030067047
5,0.6,3,58,348,0.591828675689646,0.5406683317651698
5,0.6,4,58,348,0.7430263612288197,0.5169833902088345
5,0.8,0,78,467,0.7798502199319701,0.4653914676613842
5,0.8,1,78,467,0.7508078450139706,0.43520966963304264
5,0.8,2,78,467,0.7185846668087604,0.45459116653814047
5,0.8,3,78,468,0.7305781363561268,0.4559030373328576
5,0.8,4,78,468,0.7417141855027272,0.4350365938441162
5,1.0,0,97,581,0.7667490501179799,0.41057706180197506
