model,fold,te_r2,te_rmse,te_mae,te_rmsle,te_mape,best_params,inner_score,n_test_systems,n_test_rows,n_features,dropped_features,repeat
Random Forest,1,0.5314875452941145,249.64223506275425,123.81450185758735,0.6859905280511186,43.88541280996119,"{""max_depth"": 12, ""max_features"": 0.3, ""min_samples_leaf"": 1, ""n_estimators"": 500}",0.8560121138403669,24,144,22,"{""hba_hba_count"": [""hba_hbd_count"", 0.982919413006773], ""temperature_c"": [""inv_temperature"", 0.9997238929003275], ""total_hbond_donors"": [""hbond_network_strength"", 0.991649285443704], ""total_hbond_acceptors"": [""hbond_network_strength"", 0.9900025259017684], ""weighted_dipole_total"": [""temp_x_dipole"", 0.9742571882111544]}",1
Random Forest,2,0.7237398983441756,137.71878849312534,70.15870739299493,0.5759010394877135,62.75640447826806,"{""max_depth"": 12, ""max_features"": 0.3, ""min_samples_leaf"": 1, ""n_estimators"": 500}",0.785894989902713,24,144,22,"{""hba_hba_count"": [""hba_hbd_count"", 0.9831025630956197], ""temperature_c"": [""inv_temperature"", 0.9997238929003277], ""total_hbond_donors"": [""hbond_network_strength"", 0.9925305886242486], ""total_hbond_acceptors"": [""hbond_network_strength"", 0.9912556423108154], ""weighted_dipole_total"": [""temp_x_dipole"", 0.9744452917936123]}",1
Random Forest,3,0.749303043695773,173.3495075936156,90.49280421489973,0.705243269870757,84.74296335231203,"{""max_depth"": null, ""max_features"": 0.3, ""min_samples_leaf"": 1, ""n_estimators"": 500}",0.8284065186164876,25,149,22,"{""hba_hba_count"": [""hba_hbd_count"", 0.9883219796996794], ""temperature_c"": [""inv_temperature"", 0.9997234128267543], ""total_hbond_donors"": [""hbond_network_strength"", 0.9919888542727163], ""total_hbond_acceptors"": [""hbond_network_strength"", 0.9911529773153007], ""weighted_dipole_total"": [""temp_x_dipole"", 0.9744260935059272]}",1
Random Forest,4,0.8056333936231526,125.87055619024574,61.96271108645616,0.3665952143386934,32.64609576416119,"{""max_depth"": null, ""max_features"": 0.3, ""min_samples_leaf"": 1, ""n_estimators"": 200}",0.8037411715485587,24,144,22,"{""hba_hba_count"": [""hba_hbd_count"", 0.9876622573349922], ""temperature_c"": [""inv_temperature"", 0.9997238929003277], ""total_hbond_donors"": [""hbond_network_strength"", 0.9933100546985381], ""total_hbond_acceptors"": [""hbond_network_strength"", 0.9922026953829634], ""weighted_dipole_total"": [""temp_x_dipole"", 0.9744279963489]}",1
Random Forest,5,0.6283427694986248,235.20866829290958,111.05413242396101,0.6154720070205852,49.03467161413996,"{""max_depth"": null, ""max_features"": 0.3, ""min_samples_leaf"": 1, ""n_estimators"": 300}",0.8450923797742098,24,144,22,"{""hba_hba_count"": [""hba_hbd_count"", 0.9845016013085046], ""temperature_c"": [""inv_temperature"", 0.9997238929003277], ""total_hbond_donors"": [""hbond_network_strength"", 0.9921174622824269], ""total_hbond_acceptors"": [""hbond_network_strength"", 0.9909380223156831], ""weighted_dipole_total"": [""temp_x_dipole"", 0.974425654772097]}",1
Gradient Boosting,1,0.6296817342465926,221.94484325643603,110.2860327742386,0.6207251908140202,41.473698646595494,"{""learning_rate"": 0.05, ""max_depth"": 3, ""min_samples_leaf"": 4, ""n_estimators"": 300, ""subsample"": 0.8}",0.8406628385840679,24,144,22,"{""hba_hba_count"": [""hba_hbd_count"", 0.982919413006773], ""temperature_c"": [""inv_temperature"", 0.9997238929003275], ""total_hbond_donors"": [""hbond_network_strength"", 0.991649285443704], ""total_hbond_acceptors"": [""hbond_network_strength"", 0.9900025259017684], ""weighted_dipole_total"": [""temp_x_dipole"", 0.9742571882111544]}",1
Gradient Boosting,2,0.7058055841054586,142.11873150573987,77.72342328089324,0.6173704759939517,70.74804226628453,"{""learning_rate"": 0.05, ""max_depth"": 4, ""min_samples_leaf"": 2, ""n_estimators"": 200, ""subsample"": 0.8}",0.7637134707583613,24,144,22,"{""hba_hba_count"": [""hba_hbd_count"", 0.9831025630956197], ""temperature_c"": [""inv_temperature"", 0.9997238929003277], ""total_hbond_donors"": [""hbond_network_strength"", 0.9925305886242486], ""total_hbond_acceptors"": [""hbond_network_strength"", 0.9912556423108154], ""weighted_dipole_total"": [""temp_x_dipole"", 0.9744452917936123]}",1
Gradient Boosting,3,0.7198504825824996,183.24959398960902,98.32287580421274,0.7249923341564299,87.53476844085911,"{""learning_rate"": 0.1, ""max_depth"": 4, ""min_samples_leaf"": 4, ""n_estimators"": 300, ""subsample"": 0.8}",0.8224438777231586,25,149,22,"{""hba_hba_count"": [""hba_hbd_count"", 0.9883219796996794], ""temperature_c"": [""inv_temperature"", 0.9997234128267543], ""total_hbond_donors"": [""hbond_network_strength"", 0.9919888542727163], ""total_hbond_acceptors"": [""hbond_network_strength"", 0.9911529773153007], ""weighted_dipole_total"": [""temp_x_dipole"", 0.9744260935059272]}",1
Gradient Boosting,4,0.815281947381672,122.70662070015801,67.39421323558334,0.45065090601681196,41.045105971577236,"{""learning_rate"": 0.05, ""max_depth"": 3, ""min_samples_leaf"": 4, ""n_estimators"": 100, ""subsample"": 0.8}",0.7759092729369359,24,144,22,"{""hba_hba_count"": [""hba_hbd_count"", 0.9876622573349922], ""temperature_c"": [""inv_temperature"", 0.9997238929003277], ""total_hbond_donors"": [""hbond_network_strength"", 0.9933100546985381], ""total_hbond_acceptors"": [""hbond_network_strength"", 0.9922026953829634], ""weighted_dipole_total"": [""temp_x_dipole"", 0.9744279963489]}",1
Gradient Boosting,5,0.7047427140553396,209.6439537067838,101.4102128958143,0.720649694050288,47.68082891583471,"{""learning_rate"": 0.05, ""max_depth"": 4, ""min_samples_leaf"": 2, ""n_estimators"": 100, ""subsample"": 0.8}",0.8276122082709185,24,144,22,"{""hba_hba_count"": [""hba_hbd_count"", 0.9845016013085046], ""temperature_c"": [""inv_temperature"", 0.9997238929003277], ""total_hbond_donors"": [""hbond_network_strength"", 0.9921174622824269], ""total_hbond_acceptors"": [""hbond_network_strength"", 0.9909380223156831], ""weighted_dipole_total"": [""temp_x_dipole"", 0.974425654772097]}",1
XGBoost,1,0.6596920549805945,212.7617413823935,104.26479731930628,0.6251149472934072,39.836432222352194,"{""colsample_bytree"": 0.8, ""learning_rate"": 0.05, ""max_depth"": 3, ""n_estimators"": 300, ""subsample"": 1.0}",0.8580560968795631,24,144,22,"{""hba_hba_count"": [""hba_hbd_count"", 0.982919413006773], ""temperature_c"": [""inv_temperature"", 0.9997238929003275], ""total_hbond_donors"": [""hbond_network_strength"", 0.991649285443704], ""total_hbond_acceptors"": [""hbond_network_strength"", 0.9900025259017684], ""weighted_dipole_total"": [""temp_x_dipole"", 0.9742571882111544]}",1
XGBoost,2,0.5869273515728679,168.40203276100422,88.68453318344223,0.6858876754197948,79.75923974616184,"{""colsample_bytree"": 0.8, ""learning_rate"": 0.05, ""max_depth"": 4, ""n_estimators"": 200, ""subsample"": 0.8}",0.7661999203568579,24,144,22,"{""hba_hba_count"": [""hba_hbd_count"", 0.9831025630956197], ""temperature_c"": [""inv_temperature"", 0.9997238929003277], ""total_hbond_donors"": [""hbond_network_strength"", 0.9925305886242486], ""total_hbond_acceptors"": [""hbond_network_strength"", 0.9912556423108154], ""weighted_dipole_total"": [""temp_x_dipole"", 0.9744452917936123]}",1
XGBoost,3,0.7064975796927259,187.56591723996297,96.52477812479007,0.722250652282034,91.28834819466068,"{""colsample_bytree"": 0.8, ""learning_rate"": 0.1, ""max_depth"": 3, ""n_estimators"": 100, ""subsample"": 0.8}",0.8307579165472396,25,149,22,"{""hba_hba_count"": [""hba_hbd_count"", 0.9883219796996794], ""temperature_c"": [""inv_temperature"", 0.9997234128267543], ""total_hbond_donors"": [""hbond_network_strength"", 0.9919888542727163], ""total_hbond_acceptors"": [""hbond_network_strength"", 0.9911529773153007], ""weighted_dipole_total"": [""temp_x_dipole"", 0.9744260935059272]}",1
XGBoost,4,0.8381942824959856,114.8445147421443,59.07434777882364,0.42383936112019704,38.002290338427194,"{""colsample_bytree"": 0.8, ""learning_rate"": 0.1, ""max_depth"": 5, ""n_estimators"": 100, ""subsample"": 0.8}",0.7787512857752328,24,144,22,"{""hba_hba_count"": [""hba_hbd_count"", 0.9876622573349922], ""temperature_c"": [""inv_temperature"", 0.9997238929003277], ""total_hbond_donors"": [""hbond_network_strength"", 0.9933100546985381], ""total_hbond_acceptors"": [""hbond_network_strength"", 0.9922026953829634], ""weighted_dipole_total"": [""temp_x_dipole"", 0.9744279963489]}",1
XGBoost,5,0.7101375744895216,207.7198454794507,104.26404961281352,0.7298550831086602,55.830973040836575,"{""colsample_bytree"": 0.8, ""learning_rate"": 0.05, ""max_depth"": 4, ""n_estimators"": 200, ""subsample"": 1.0}",0.8286790428929076,24,144,22,"{""hba_hba_count"": [""hba_hbd_count"", 0.9845016013085046], ""temperature_c"": [""inv_temperature"", 0.9997238929003277], ""total_hbond_donors"": [""hbond_network_strength"", 0.9921174622824269], ""total_hbond_acceptors"": [""hbond_network_strength"", 0.9909380223156831], ""weighted_dipole_total"": [""temp_x_dipole"", 0.974425654772097]}",1
Random Forest,1,0.7865569073738163,155.28292497066,76.05669536222801,0.5086596230760829,52.426445275431135,"{""max_depth"": 12, ""max_features"": 0.3, ""min_samples_leaf"": 1, ""n_estimators"": 500}",0.8051267149453981,24,144,22,"{""hba_hba_count"": [""hba_hbd_count"", 0.9869066281306772], ""temperature_c"": [""inv_temperature"", 0.9997238929003277], ""total_hbond_donors"": [""hbond_network_strength"", 0.9913989556557108], ""total_hbond_acceptors"": [""hbond_network_strength"", 0.9902017811281674], ""weighted_dipole_total"": [""temp_x_dipole"", 0.9739033225998875]}",2
Random Forest,2,0.7426040843051822,176.55051580461233,89.56975519469525,0.5417097336685422,51.58068367293782,"{""max_depth"": 12, ""max_features"": 0.3, ""min_samples_leaf"": 1, ""n_estimators"": 500}",0.7899137904248396,24,144,21,"{""hba_hba_count"": [""hba_hbd_count"", 0.9825547129719712], ""interaction_strength"": [""weighted_solvation_energy_eh"", 0.951366735958899], ""temperature_c"": [""inv_temperature"", 0.999723892900327], ""total_hbond_donors"": [""hbond_network_strength"", 0.9922910072217309], ""total_hbond_acceptors"": [""hbond_network_strength"", 0.9912148064565698], ""weighted_dipole_total"": [""temp_x_dipole"", 0.9744711368530331]}",2
Random Forest,3,0.6965259062493963,173.85615474559708,88.34415201158413,0.632472930990979,58.244773927425584,"{""max_depth"": 12, ""max_features"": 0.5, ""min_samples_leaf"": 1, ""n_estimators"": 200}",0.8367739081184041,25,149,22,"{""hba_hba_count"": [""hba_hbd_count"", 0.9866760793272145], ""temperature_c"": [""inv_temperature"", 0.9997234128267543], ""total_hbond_donors"": [""hbond_network_strength"", 0.992854482206299], ""total_hbond_acceptors"": [""hbond_network_strength"", 0.9916606127108801], ""weighted_dipole_total"": [""temp_x_dipole"", 0.9743580349785489]}",2
Random Forest,4,0.7032547088773641,187.82179570552825,80.11085624033814,0.4319673518694602,40.336089873579446,"{""max_depth"": null, ""max_features"": 0.3, ""min_samples_leaf"": 1, ""n_estimators"": 300}",0.7911047847081761,24,144,22,"{""hba_hba_count"": [""hba_hbd_count"", 0.9860071366386726], ""temperature_c"": [""inv_temperature"", 0.9997238929003275], ""total_hbond_donors"": [""hbond_network_strength"", 0.9918108566604785], ""total_hbond_acceptors"": [""hbond_network_strength"", 0.9905485069190031], ""weighted_dipole_total"": [""temp_x_dipole"", 0.9748641983136789]}",2
Random Forest,5,0.48527442019802813,232.23881498763694,107.52556459884794,0.6449106881800478,39.32555578444164,"{""max_depth"": null, ""max_features"": 0.3, ""min_samples_leaf"": 1, ""n_estimators"": 500}",0.8194673819866469,24,144,22,"{""hba_hba_count"": [""hba_hbd_count"", 0.9842744975490819], ""temperature_c"": [""inv_temperature"", 0.9997238929003276], ""total_hbond_donors"": [""hbond_network_strength"", 0.9931104352325262], ""total_hbond_acceptors"": [""hbond_network_strength"", 0.9917707892412125], ""weighted_dipole_total"": [""temp_x_dipole"", 0.9741945253609114]}",2
Gradient Boosting,1,0.7935494822514688,152.71814447575278,79.41858790924552,0.5440401329321973,53.82133749415967,"{""learning_rate"": 0.1, ""max_depth"": 4, ""min_samples_leaf"": 4, ""n_estimators"": 100, ""subsample"": 0.8}",0.7939887622108401,24,144,22,"{""hba_hba_count"": [""hba_hbd_count"", 0.9869066281306772], ""temperature_c"": [""inv_temperature"", 0.9997238929003277], ""total_hbond_donors"": [""hbond_network_strength"", 0.9913989556557108], ""total_hbond_acceptors"": [""hbond_network_strength"", 0.9902017811281674], ""weighted_dipole_total"": [""temp_x_dipole"", 0.9739033225998875]}",2
Gradient Boosting,2,0.8040434707233417,154.045151779512,82.89599293126591,0.5623388184712409,52.51538849538747,"{""learning_rate"": 0.1, ""max_depth"": 3, ""min_samples_leaf"": 2, ""n_estimators"": 100, ""subsample"": 1.0}",0.7647812767737396,24,144,21,"{""hba_hba_count"": [""hba_hbd_count"", 0.9825547129719712], ""interaction_strength"": [""weighted_solvation_energy_eh"", 0.951366735958899], ""temperature_c"": [""inv_temperature"", 0.999723892900327], ""total_hbond_donors"": [""hbond_network_strength"", 0.9922910072217309], ""total_hbond_acceptors"": [""hbond_network_strength"", 0.9912148064565698], ""weighted_dipole_total"": [""temp_x_dipole"", 0.9744711368530331]}",2
Gradient Boosting,3,0.718711958222783,167.3805124490258,83.29707893765524,0.6415675099325466,52.6368796044635,"{""learning_rate"": 0.1, ""max_depth"": 3, ""min_samples_leaf"": 2, ""n_estimators"": 100, ""subsample"": 1.0}",0.8295884419184626,25,149,22,"{""hba_hba_count"": [""hba_hbd_count"", 0.9866760793272145], ""temperature_c"": [""inv_temperature"", 0.9997234128267543], ""total_hbond_donors"": [""hbond_network_strength"", 0.992854482206299], ""total_hbond_acceptors"": [""hbond_network_strength"", 0.9916606127108801], ""weighted_dipole_total"": [""temp_x_dipole"", 0.9743580349785489]}",2
Gradient Boosting,4,0.7751999533849684,163.47534734435592,74.37375471329322,0.4442600042700341,32.77877886936761,"{""learning_rate"": 0.05, ""max_depth"": 4, ""min_samples_leaf"": 2, ""n_estimators"": 200, ""subsample"": 0.8}",0.7802668085341177,24,144,22,"{""hba_hba_count"": [""hba_hbd_count"", 0.9860071366386726], ""temperature_c"": [""inv_temperature"", 0.9997238929003275], ""total_hbond_donors"": [""hbond_network_strength"", 0.9918108566604785], ""total_hbond_acceptors"": [""hbond_network_strength"", 0.9905485069190031], ""weighted_dipole_total"": [""temp_x_dipole"", 0.9748641983136789]}",2
Gradient Boosting,5,0.5150217044988242,225.42811652975544,106.72217453257036,0.6759493797057335,43.15292935555111,"{""learning_rate"": 0.05, ""max_depth"": 3, ""min_samples_leaf"": 4, ""n_estimators"": 100, ""subsample"": 0.8}",0.7982414494674117,24,144,22,"{""hba_hba_count"": [""hba_hbd_count"", 0.9842744975490819], ""temperature_c"": [""inv_temperature"", 0.9997238929003276], ""total_hbond_donors"": [""hbond_network_strength"", 0.9931104352325262], ""total_hbond_acceptors"": [""hbond_network_strength"", 0.9917707892412125], ""weighted_dipole_total"": [""temp_x_dipole"", 0.9741945253609114]}",2
XGBoost,1,0.719831319204475,177.9067570064579,84.89704639381834,0.5341755201499824,53.155795284797804,"{""colsample_bytree"": 0.8, ""learning_rate"": 0.05, ""max_depth"": 3, ""n_estimators"": 200, ""subsample"": 0.8}",0.7935413236655354,24,144,22,"{""hba_hba_count"": [""hba_hbd_count"", 0.9869066281306772], ""temperature_c"": [""inv_temperature"", 0.9997238929003277], ""total_hbond_donors"": [""hbond_network_strength"", 0.9913989556557108], ""total_hbond_acceptors"": [""hbond_network_strength"", 0.9902017811281674], ""weighted_dipole_total"": [""temp_x_dipole"", 0.9739033225998875]}",2
XGBoost,2,0.8146442081380703,149.82050120224966,84.80948946144848,0.5656460102773699,51.53469037286767,"{""colsample_bytree"": 0.8, ""learning_rate"": 0.05, ""max_depth"": 5, ""n_estimators"": 200, ""subsample"": 0.8}",0.7792995508799497,24,144,21,"{""hba_hba_count"": [""hba_hbd_count"", 0.9825547129719712], ""interaction_strength"": [""weighted_solvation_energy_eh"", 0.951366735958899], ""temperature_c"": [""inv_temperature"", 0.999723892900327], ""total_hbond_donors"": [""hbond_network_strength"", 0.9922910072217309], ""total_hbond_acceptors"": [""hbond_network_strength"", 0.9912148064565698], ""weighted_dipole_total"": [""temp_x_dipole"", 0.9744711368530331]}",2
XGBoost,3,0.7397811446881982,160.9899032441924,80.19683042692657,0.5752949868555933,49.98929323898832,"{""colsample_bytree"": 0.8, ""learning_rate"": 0.05, ""max_depth"": 3, ""n_estimators"": 200, ""subsample"": 0.8}",0.8428585904686678,25,149,22,"{""hba_hba_count"": [""hba_hbd_count"", 0.9866760793272145], ""temperature_c"": [""inv_temperature"", 0.9997234128267543], ""total_hbond_donors"": [""hbond_network_strength"", 0.992854482206299], ""total_hbond_acceptors"": [""hbond_network_strength"", 0.9916606127108801], ""weighted_dipole_total"": [""temp_x_dipole"", 0.9743580349785489]}",2
XGBoost,4,0.7927995245357288,156.94570822462038,73.37289514342943,0.4287749890489902,32.52161154095783,"{""colsample_bytree"": 1.0, ""learning_rate"": 0.05, ""max_depth"": 4, ""n_estimators"": 200, ""subsample"": 1.0}",0.774123790464053,24,144,22,"{""hba_hba_count"": [""hba_hbd_count"", 0.9860071366386726], ""temperature_c"": [""inv_temperature"", 0.9997238929003275], ""total_hbond_donors"": [""hbond_network_strength"", 0.9918108566604785], ""total_hbond_acceptors"": [""hbond_network_strength"", 0.9905485069190031], ""weighted_dipole_total"": [""temp_x_dipole"", 0.9748641983136789]}",2
XGBoost,5,0.5608316891935345,214.51735259604624,99.96797923909293,0.6479581578617937,40.73191161671328,"{""colsample_bytree"": 1.0, ""learning_rate"": 0.05, ""max_depth"": 3, ""n_estimators"": 100, ""subsample"": 0.8}",0.8024736983678291,24,144,22,"{""hba_hba_count"": [""hba_hbd_count"", 0.9842744975490819], ""temperature_c"": [""inv_temperature"", 0.9997238929003276], ""total_hbond_donors"": [""hbond_network_strength"", 0.9931104352325262], ""total_hbond_acceptors"": [""hbond_network_strength"", 0.9917707892412125], ""weighted_dipole_total"": [""temp_x_dipole"", 0.9741945253609114]}",2
Random Forest,1,0.5584966491962297,198.0122234853768,91.61993372658524,0.7093313658407792,61.686498027981706,"{""max_depth"": 12, ""max_features"": 0.3, ""min_samples_leaf"": 1, ""n_estimators"": 300}",0.8626891337945759,24,144,22,"{""hba_hba_count"": [""hba_hbd_count"", 0.9882488605189798], ""temperature_c"": [""inv_temperature"", 0.9997238929003275], ""total_hbond_donors"": [""hbond_network_strength"", 0.9941525738018305], ""total_hbond_acceptors"": [""hbond_network_strength"", 0.9935739094238881], ""weighted_dipole_total"": [""temp_x_dipole"", 0.9740384579188618]}",3
Random Forest,2,0.7551651098872763,168.85833303458287,94.40370479589505,0.7122752818568229,78.29588533388457,"{""max_depth"": null, ""max_features"": 0.5, ""min_samples_leaf"": 1, ""n_estimators"": 500}",0.8166125987792584,24,144,22,"{""hba_hba_count"": [""hba_hbd_count"", 0.9864725285388034], ""temperature_c"": [""inv_temperature"", 0.9997238929003275], ""total_hbond_donors"": [""hbond_network_strength"", 0.9915325529789664], ""total_hbond_acceptors"": [""hbond_network_strength"", 0.9896988876013498], ""weighted_dipole_total"": [""temp_x_dipole"", 0.9744183007022722]}",3
Random Forest,3,0.6643192787929222,228.5483337248692,109.2047543799688,0.5143189516801908,47.3152771731108,"{""max_depth"": 12, ""max_features"": 0.3, ""min_samples_leaf"": 1, ""n_estimators"": 500}",0.8148222681480847,25,149,22,"{""hba_hba_count"": [""hba_hbd_count"", 0.9840193401846913], ""temperature_c"": [""inv_temperature"", 0.9997234128267543], ""total_hbond_donors"": [""hbond_network_strength"", 0.9921106453688441], ""total_hbond_acceptors"": [""hbond_network_strength"", 0.9905586827485552], ""weighted_dipole_total"": [""temp_x_dipole"", 0.9743049068572591]}",3
Random Forest,4,0.8188926008525779,112.51354315581737,54.84042048979255,0.4425903383059671,43.54554232284442,"{""max_depth"": 12, ""max_features"": 0.3, ""min_samples_leaf"": 1, ""n_estimators"": 200}",0.7814610426893843,24,144,22,"{""hba_hba_count"": [""hba_hbd_count"", 0.9859957848619234], ""temperature_c"": [""inv_temperature"", 0.9997238929003277], ""total_hbond_donors"": [""hbond_network_strength"", 0.9926130932470139], ""total_hbond_acceptors"": [""hbond_network_strength"", 0.9914151384988555], ""weighted_dipole_total"": [""temp_x_dipole"", 0.9746870648126015]}",3
Random Forest,5,0.7496138215997554,172.5271001405554,72.87070642056682,0.3831142808573041,32.63094975488467,"{""max_depth"": 12, ""max_features"": 0.3, ""min_samples_leaf"": 1, ""n_estimators"": 200}",0.8094552009574371,24,144,22,"{""hba_hba_count"": [""hba_hbd_count"", 0.9811612946466384], ""temperature_c"": [""inv_temperature"", 0.9997238929003273], ""total_hbond_donors"": [""hbond_network_strength"", 0.9908332417745184], ""total_hbond_acceptors"": [""hbond_network_strength"", 0.9898286914729254], ""weighted_dipole_total"": [""temp_x_dipole"", 0.9744462808958766]}",3
Gradient Boosting,1,0.6048489419260814,187.32967216111254,85.77617526569833,0.6783658582428309,53.5225665650711,"{""learning_rate"": 0.05, ""max_depth"": 3, ""min_samples_leaf"": 4, ""n_estimators"": 300, ""subsample"": 1.0}",0.8686803211714936,24,144,22,"{""hba_hba_count"": [""hba_hbd_count"", 0.9882488605189798], ""temperature_c"": [""inv_temperature"", 0.9997238929003275], ""total_hbond_donors"": [""hbond_network_strength"", 0.9941525738018305], ""total_hbond_acceptors"": [""hbond_network_strength"", 0.9935739094238881], ""weighted_dipole_total"": [""temp_x_dipole"", 0.9740384579188618]}",3
Gradient Boosting,2,0.7090019747022358,184.09028289947125,102.53578511537884,0.6706569975657428,67.44904425997335,"{""learning_rate"": 0.05, ""max_depth"": 4, ""min_samples_leaf"": 4, ""n_estimators"": 200, ""subsample"": 0.8}",0.8062634309043174,24,144,22,"{""hba_hba_count"": [""hba_hbd_count"", 0.9864725285388034], ""temperature_c"": [""inv_temperature"", 0.9997238929003275], ""total_hbond_donors"": [""hbond_network_strength"", 0.9915325529789664], ""total_hbond_acceptors"": [""hbond_network_strength"", 0.9896988876013498], ""weighted_dipole_total"": [""temp_x_dipole"", 0.9744183007022722]}",3
Gradient Boosting,3,0.7293000572320654,205.2385517882347,106.25774659133437,0.5197626982268866,50.57569147198452,"{""learning_rate"": 0.05, ""max_depth"": 3, ""min_samples_leaf"": 4, ""n_estimators"": 100, ""subsample"": 0.8}",0.7811326755800766,25,149,22,"{""hba_hba_count"": [""hba_hbd_count"", 0.9840193401846913], ""temperature_c"": [""inv_temperature"", 0.9997234128267543], ""total_hbond_donors"": [""hbond_network_strength"", 0.9921106453688441], ""total_hbond_acceptors"": [""hbond_network_strength"", 0.9905586827485552], ""weighted_dipole_total"": [""temp_x_dipole"", 0.9743049068572591]}",3
Gradient Boosting,4,0.8052898554402212,116.66242347191981,58.1266340330562,0.4836276468503791,46.125314376607854,"{""learning_rate"": 0.05, ""max_depth"": 3, ""min_samples_leaf"": 2, ""n_estimators"": 100, ""subsample"": 0.8}",0.768426355811313,24,144,22,"{""hba_hba_count"": [""hba_hbd_count"", 0.9859957848619234], ""temperature_c"": [""inv_temperature"", 0.9997238929003277], ""total_hbond_donors"": [""hbond_network_strength"", 0.9926130932470139], ""total_hbond_acceptors"": [""hbond_network_strength"", 0.9914151384988555], ""weighted_dipole_total"": [""temp_x_dipole"", 0.9746870648126015]}",3
Gradient Boosting,5,0.7698675349047862,165.40212758081572,79.06871419876501,0.46807232306940716,37.88715119978412,"{""learning_rate"": 0.1, ""max_depth"": 3, ""min_samples_leaf"": 2, ""n_estimators"": 100, ""subsample"": 1.0}",0.8020162248041639,24,144,22,"{""hba_hba_count"": [""hba_hbd_count"", 0.9811612946466384], ""temperature_c"": [""inv_temperature"", 0.9997238929003273], ""total_hbond_donors"": [""hbond_network_strength"", 0.9908332417745184], ""total_hbond_acceptors"": [""hbond_network_strength"", 0.9898286914729254], ""weighted_dipole_total"": [""temp_x_dipole"", 0.9744462808958766]}",3
XGBoost,1,0.5959329047138413,189.4313007118277,86.98230584926075,0.6893578136080339,55.45821492487614,"{""colsample_bytree"": 0.8, ""learning_rate"": 0.1, ""max_depth"": 3, ""n_estimators"": 100, ""subsample"": 1.0}",0.8710059345258542,24,144,22,"{""hba_hba_count"": [""hba_hbd_count"", 0.9882488605189798], ""temperature_c"": [""inv_temperature"", 0.9997238929003275], ""total_hbond_donors"": [""hbond_network_strength"", 0.9941525738018305], ""total_hbond_acceptors"": [""hbond_network_strength"", 0.9935739094238881], ""weighted_dipole_total"": [""temp_x_dipole"", 0.9740384579188618]}",3
XGBoost,2,0.7191545105830187,180.8504404388783,98.54072924984827,0.7303642764267053,84.04002469949037,"{""colsample_bytree"": 0.8, ""learning_rate"": 0.05, ""max_depth"": 5, ""n_estimators"": 100, ""subsample"": 0.8}",0.7958042141121249,24,144,22,"{""hba_hba_count"": [""hba_hbd_count"", 0.9864725285388034], ""temperature_c"": [""inv_temperature"", 0.9997238929003275], ""total_hbond_donors"": [""hbond_network_strength"", 0.9915325529789664], ""total_hbond_acceptors"": [""hbond_network_strength"", 0.9896988876013498], ""weighted_dipole_total"": [""temp_x_dipole"", 0.9744183007022722]}",3
XGBoost,3,0.6881773762464701,220.27675510915816,109.25729886445424,0.5504715021916857,54.05648650335447,"{""colsample_bytree"": 0.8, ""learning_rate"": 0.05, ""max_depth"": 3, ""n_estimators"": 100, ""subsample"": 0.8}",0.7873604135949422,25,149,22,"{""hba_hba_count"": [""hba_hbd_count"", 0.9840193401846913], ""temperature_c"": [""inv_temperature"", 0.9997234128267543], ""total_hbond_donors"": [""hbond_network_strength"", 0.9921106453688441], ""total_hbond_acceptors"": [""hbond_network_strength"", 0.9905586827485552], ""weighted_dipole_total"": [""temp_x_dipole"", 0.9743049068572591]}",3
XGBoost,4,0.820034472307757,112.15828668041057,55.30932040611903,0.4781428428411288,45.192836264403155,"{""colsample_bytree"": 1.0, ""learning_rate"": 0.05, ""max_depth"": 3, ""n_estimators"": 100, ""subsample"": 0.8}",0.7617851328847545,24,144,22,"{""hba_hba_count"": [""hba_hbd_count"", 0.9859957848619234], ""temperature_c"": [""inv_temperature"", 0.9997238929003277], ""total_hbond_donors"": [""hbond_network_strength"", 0.9926130932470139], ""total_hbond_acceptors"": [""hbond_network_strength"", 0.9914151384988555], ""weighted_dipole_total"": [""temp_x_dipole"", 0.9746870648126015]}",3
XGBoost,5,0.7339725841446663,177.8342242468348,87.07596092356577,0.5152856465709682,39.28160145787366,"{""colsample_bytree"": 1.0, ""learning_rate"": 0.05, ""max_depth"": 3, ""n_estimators"": 300, ""subsample"": 1.0}",0.8071044157310227,24,144,22,"{""hba_hba_count"": [""hba_hbd_count"", 0.9811612946466384], ""temperature_c"": [""inv_temperature"", 0.9997238929003273], ""total_hbond_donors"": [""hbond_network_strength"", 0.9908332417745184], ""total_hbond_acceptors"": [""hbond_network_strength"", 0.9898286914729254], ""weighted_dipole_total"": [""temp_x_dipole"", 0.9744462808958766]}",3
Random Forest,1,0.803127041008469,129.35026849783213,57.81001903473667,0.3932746700679653,37.178079901465146,"{""max_depth"": null, ""max_features"": 0.3, ""min_samples_leaf"": 1, ""n_estimators"": 300}",0.7651311186703121,24,144,22,"{""hba_hba_count"": [""hba_hbd_count"", 0.9856441848636578], ""temperature_c"": [""inv_temperature"", 0.9997238929003277], ""total_hbond_donors"": [""hbond_network_strength"", 0.9928073982910889], ""total_hbond_acceptors"": [""hbond_network_strength"", 0.9919171914572706], ""weighted_dipole_total"": [""temp_x_dipole"", 0.9744227621985243]}",4
Random Forest,2,0.7613462396607625,182.2630219453192,90.13180765829162,0.5209138443961703,42.38062037904891,"{""max_depth"": 12, ""max_features"": 0.5, ""min_samples_leaf"": 1, ""n_estimators"": 500}",0.8029021682984983,24,144,22,"{""hba_hba_count"": [""hba_hbd_count"", 0.9855098431075314], ""temperature_c"": [""inv_temperature"", 0.9997238929003275], ""total_hbond_donors"": [""hbond_network_strength"", 0.9919863249698678], ""total_hbond_acceptors"": [""hbond_network_strength"", 0.9913699011738185], ""weighted_dipole_total"": [""temp_x_dipole"", 0.974498944362902]}",4
Random Forest,3,0.5381461563715284,246.48732362704052,120.18549878979942,0.7040562684283573,60.94055624676453,"{""max_depth"": null, ""max_features"": 0.3, ""min_samples_leaf"": 1, ""n_estimators"": 200}",0.8694169999803958,25,149,22,"{""hba_hba_count"": [""hba_hbd_count"", 0.9866760793272152], ""temperature_c"": [""inv_temperature"", 0.9997234128267543], ""total_hbond_donors"": [""hbond_network_strength"", 0.9931506485251796], ""total_hbond_acceptors"": [""hbond_network_strength"", 0.9921699313684194], ""weighted_dipole_total"": [""temp_x_dipole"", 0.9739048885997115]}",4
Random Forest,4,0.5927308781904548,166.5161534383239,91.94392977333558,0.6281913539033536,66.31012794467308,"{""max_depth"": null, ""max_features"": 0.3, ""min_samples_leaf"": 1, ""n_estimators"": 500}",0.8139323466249633,24,144,22,"{""hba_hba_count"": [""hba_hbd_count"", 0.9867403200393082], ""temperature_c"": [""inv_temperature"", 0.9997238929003275], ""total_hbond_donors"": [""hbond_network_strength"", 0.9934697251386557], ""total_hbond_acceptors"": [""hbond_network_strength"", 0.9920899142813308], ""weighted_dipole_total"": [""temp_x_dipole"", 0.97464739198161]}",4
Random Forest,5,0.7588192976053737,175.6239342694698,86.92369733976986,0.5445522366109826,49.04176478424471,"{""max_depth"": null, ""max_features"": 0.5, ""min_samples_leaf"": 1, ""n_estimators"": 300}",0.8322571197989674,24,144,22,"{""hba_hba_count"": [""hba_hbd_count"", 0.9810235423026201], ""temperature_c"": [""inv_temperature"", 0.9997238929003275], ""total_hbond_donors"": [""hbond_network_strength"", 0.9897388338171977], ""total_hbond_acceptors"": [""hbond_network_strength"", 0.9867977312131402], ""weighted_dipole_total"": [""temp_x_dipole"", 0.9744107752224275]}",4
Gradient Boosting,1,0.7447067171684851,147.29703137038845,75.97128199614225,0.518991808949022,53.61388965706394,"{""learning_rate"": 0.05, ""max_depth"": 4, ""min_samples_leaf"": 4, ""n_estimators"": 300, ""subsample"": 0.8}",0.7567539286288539,24,144,22,"{""hba_hba_count"": [""hba_hbd_count"", 0.9856441848636578], ""temperature_c"": [""inv_temperature"", 0.9997238929003277], ""total_hbond_donors"": [""hbond_network_strength"", 0.9928073982910889], ""total_hbond_acceptors"": [""hbond_network_strength"", 0.9919171914572706], ""weighted_dipole_total"": [""temp_x_dipole"", 0.9744227621985243]}",4
Gradient Boosting,2,0.7439244832627083,188.798463122427,90.87796645659998,0.5062069848505907,39.17473284973953,"{""learning_rate"": 0.05, ""max_depth"": 4, ""min_samples_leaf"": 2, ""n_estimators"": 100, ""subsample"": 1.0}",0.7962177470384028,24,144,22,"{""hba_hba_count"": [""hba_hbd_count"", 0.9855098431075314], ""temperature_c"": [""inv_temperature"", 0.9997238929003275], ""total_hbond_donors"": [""hbond_network_strength"", 0.9919863249698678], ""total_hbond_acceptors"": [""hbond_network_strength"", 0.9913699011738185], ""weighted_dipole_total"": [""temp_x_dipole"", 0.974498944362902]}",4
Gradient Boosting,3,0.5649139050379606,239.23786057977702,120.04790828726037,0.7194823691578145,61.37820522008379,"{""learning_rate"": 0.1, ""max_depth"": 3, ""min_samples_leaf"": 2, ""n_estimators"": 100, ""subsample"": 1.0}",0.8757330735464146,25,149,22,"{""hba_hba_count"": [""hba_hbd_count"", 0.9866760793272152], ""temperature_c"": [""inv_temperature"", 0.9997234128267543], ""total_hbond_donors"": [""hbond_network_strength"", 0.9931506485251796], ""total_hbond_acceptors"": [""hbond_network_strength"", 0.9921699313684194], ""weighted_dipole_total"": [""temp_x_dipole"", 0.9739048885997115]}",4
Gradient Boosting,4,0.6005587253731102,164.90814155666985,90.81414390142851,0.6709249300669472,65.79206007089,"{""learning_rate"": 0.05, ""max_depth"": 4, ""min_samples_leaf"": 4, ""n_estimators"": 100, ""subsample"": 0.8}",0.7850543925596682,24,144,22,"{""hba_hba_count"": [""hba_hbd_count"", 0.9867403200393082], ""temperature_c"": [""inv_temperature"", 0.9997238929003275], ""total_hbond_donors"": [""hbond_network_strength"", 0.9934697251386557], ""total_hbond_acceptors"": [""hbond_network_strength"", 0.9920899142813308], ""weighted_dipole_total"": [""temp_x_dipole"", 0.97464739198161]}",4
Gradient Boosting,5,0.6676805896538078,206.1532939090027,99.24448230785111,0.5618996509191534,47.347599736190496,"{""learning_rate"": 0.1, ""max_depth"": 3, ""min_samples_leaf"": 4, ""n_estimators"": 300, ""subsample"": 1.0}",0.8244578096705484,24,144,22,"{""hba_hba_count"": [""hba_hbd_count"", 0.9810235423026201], ""temperature_c"": [""inv_temperature"", 0.9997238929003275], ""total_hbond_donors"": [""hbond_network_strength"", 0.9897388338171977], ""total_hbond_acceptors"": [""hbond_network_strength"", 0.9867977312131402], ""weighted_dipole_total"": [""temp_x_dipole"", 0.9744107752224275]}",4
XGBoost,1,0.7074198408511496,157.68730690792677,77.30914945205053,0.5274633098345509,53.2579286886593,"{""colsample_bytree"": 0.8, ""learning_rate"": 0.1, ""max_depth"": 4, ""n_estimators"": 100, ""subsample"": 1.0}",0.769392497792667,24,144,22,"{""hba_hba_count"": [""hba_hbd_count"", 0.9856441848636578], ""temperature_c"": [""inv_temperature"", 0.9997238929003277], ""total_hbond_donors"": [""hbond_network_strength"", 0.9928073982910889], ""total_hbond_acceptors"": [""hbond_network_strength"", 0.9919171914572706], ""weighted_dipole_total"": [""temp_x_dipole"", 0.9744227621985243]}",4
XGBoost,2,0.7316965264567219,193.25359134712585,92.39507759544585,0.5108954041943256,41.4572979758015,"{""colsample_bytree"": 0.8, ""learning_rate"": 0.1, ""max_depth"": 3, ""n_estimators"": 100, ""subsample"": 1.0}",0.808036304161458,24,144,22,"{""hba_hba_count"": [""hba_hbd_count"", 0.9855098431075314], ""temperature_c"": [""inv_temperature"", 0.9997238929003275], ""total_hbond_donors"": [""hbond_network_strength"", 0.9919863249698678], ""total_hbond_acceptors"": [""hbond_network_strength"", 0.9913699011738185], ""weighted_dipole_total"": [""temp_x_dipole"", 0.974498944362902]}",4
XGBoost,3,0.5620518589204522,240.02343780404985,120.04149772208808,0.7418066495049871,66.54699130671492,"{""colsample_bytree"": 0.8, ""learning_rate"": 0.05, ""max_depth"": 3, ""n_estimators"": 200, ""subsample"": 1.0}",0.8705531437025915,25,149,22,"{""hba_hba_count"": [""hba_hbd_count"", 0.9866760793272152], ""temperature_c"": [""inv_temperature"", 0.9997234128267543], ""total_hbond_donors"": [""hbond_network_strength"", 0.9931506485251796], ""total_hbond_acceptors"": [""hbond_network_strength"", 0.9921699313684194], ""weighted_dipole_total"": [""temp_x_dipole"", 0.9739048885997115]}",4
XGBoost,4,0.5459662294536953,175.81653073155246,93.24637767738767,0.7227476675344267,66.6118220293784,"{""colsample_bytree"": 0.8, ""learning_rate"": 0.1, ""max_depth"": 5, ""n_estimators"": 300, ""subsample"": 0.8}",0.7984612925371183,24,144,22,"{""hba_hba_count"": [""hba_hbd_count"", 0.9867403200393082], ""temperature_c"": [""inv_temperature"", 0.9997238929003275], ""total_hbond_donors"": [""hbond_network_strength"", 0.9934697251386557], ""total_hbond_acceptors"": [""hbond_network_strength"", 0.9920899142813308], ""weighted_dipole_total"": [""temp_x_dipole"", 0.97464739198161]}",4
XGBoost,5,0.715555360592177,190.72661490518968,101.04603719843759,0.5692689308026151,54.212931785578,"{""colsample_bytree"": 0.8, ""learning_rate"": 0.05, ""max_depth"": 3, ""n_estimators"": 300, ""subsample"": 0.8}",0.8251977167069929,24,144,22,"{""hba_hba_count"": [""hba_hbd_count"", 0.9810235423026201], ""temperature_c"": [""inv_temperature"", 0.9997238929003275], ""total_hbond_donors"": [""hbond_network_strength"", 0.9897388338171977], ""total_hbond_acceptors"": [""hbond_network_strength"", 0.9867977312131402], ""weighted_dipole_total"": [""temp_x_dipole"", 0.9744107752224275]}",4
Random Forest,1,0.797646965244213,153.56087684172644,87.92471769905153,0.6002726627480349,62.826141988614324,"{""max_depth"": 8, ""max_features"": 0.5, ""min_samples_leaf"": 1, ""n_estimators"": 200}",0.8258902437026037,24,144,22,"{""hba_hba_count"": [""hba_hbd_count"", 0.9833946836398328], ""temperature_c"": [""inv_temperature"", 0.9997238929003277], ""total_hbond_donors"": [""hbond_network_strength"", 0.9906967827384766], ""total_hbond_acceptors"": [""hbond_network_strength"", 0.9892060981975889], ""weighted_dipole_total"": [""temp_x_dipole"", 0.9740962382200329]}",5
Random Forest,2,0.5713254764916578,248.54058843910633,126.06451563597122,0.7207820522025299,43.885946868310164,"{""max_depth"": null, ""max_features"": 0.3, ""min_samples_leaf"": 1, ""n_estimators"": 200}",0.8550708268648651,24,144,22,"{""hba_hba_count"": [""hba_hbd_count"", 0.9814495927808667], ""temperature_c"": [""inv_temperature"", 0.999723892900327], ""total_hbond_donors"": [""hbond_network_strength"", 0.991864545416373], ""total_hbond_acceptors"": [""hbond_network_strength"", 0.9902082486950557], ""weighted_dipole_total"": [""temp_x_dipole"", 0.9740822548825497]}",5
Random Forest,3,0.6681296039331541,190.33035634999874,83.70013652225981,0.573686976254787,58.43297700321759,"{""max_depth"": null, ""max_features"": 0.3, ""min_samples_leaf"": 1, ""n_estimators"": 300}",0.7922112531713972,24,144,22,"{""hba_hba_count"": [""hba_hbd_count"", 0.9829145858238293], ""temperature_c"": [""inv_temperature"", 0.9997238929003277], ""total_hbond_donors"": [""hbond_network_strength"", 0.9918565491980569], ""total_hbond_acceptors"": [""hbond_network_strength"", 0.9908176993795573], ""weighted_dipole_total"": [""temp_x_dipole"", 0.9748201106458918]}",5
Random Forest,4,0.6959351847621147,180.7389190694782,75.01344573473816,0.48353349670221824,43.81583591439801,"{""max_depth"": null, ""max_features"": 0.3, ""min_samples_leaf"": 1, ""n_estimators"": 500}",0.7948094643411437,25,149,22,"{""hba_hba_count"": [""hba_hbd_count"", 0.987174627482277], ""temperature_c"": [""inv_temperature"", 0.9997234128267543], ""total_hbond_donors"": [""hbond_network_strength"", 0.9927237254242361], ""total_hbond_acceptors"": [""hbond_network_strength"", 0.9915705687711881], ""weighted_dipole_total"": [""temp_x_dipole"", 0.9743586807532177]}",5
Random Forest,5,0.7048289841956725,148.89536869944178,80.82821004096243,0.6533984986465528,72.9822162229057,"{""max_depth"": null, ""max_features"": 0.5, ""min_samples_leaf"": 1, ""n_estimators"": 500}",0.8332829168482365,24,144,22,"{""hba_hba_count"": [""hba_hbd_count"", 0.9900858448992316], ""temperature_c"": [""inv_temperature"", 0.9997238929003275], ""total_hbond_donors"": [""hbond_network_strength"", 0.9940273635159145], ""total_hbond_acceptors"": [""hbond_network_strength"", 0.9931853537275264], ""weighted_dipole_total"": [""temp_x_dipole"", 0.9745084185965848]}",5
Gradient Boosting,1,0.8454345577479394,134.2090872363685,76.4230738763026,0.5843495609271424,57.29118971460804,"{""learning_rate"": 0.1, ""max_depth"": 5, ""min_samples_leaf"": 4, ""n_estimators"": 100, ""subsample"": 0.8}",0.8170372178335854,24,144,22,"{""hba_hba_count"": [""hba_hbd_count"", 0.9833946836398328], ""temperature_c"": [""inv_temperature"", 0.9997238929003277], ""total_hbond_donors"": [""hbond_network_strength"", 0.9906967827384766], ""total_hbond_acceptors"": [""hbond_network_strength"", 0.9892060981975889], ""weighted_dipole_total"": [""temp_x_dipole"", 0.9740962382200329]}",5
Gradient Boosting,2,0.5825958166616596,245.25161957158116,127.17245581854925,0.7459462228067101,44.02129913767654,"{""learning_rate"": 0.1, ""max_depth"": 3, ""min_samples_leaf"": 2, ""n_estimators"": 100, ""subsample"": 0.8}",0.8221819252955198,24,144,22,"{""hba_hba_count"": [""hba_hbd_count"", 0.9814495927808667], ""temperature_c"": [""inv_temperature"", 0.999723892900327], ""total_hbond_donors"": [""hbond_network_strength"", 0.991864545416373], ""total_hbond_acceptors"": [""hbond_network_strength"", 0.9902082486950557], ""weighted_dipole_total"": [""temp_x_dipole"", 0.9740822548825497]}",5
Gradient Boosting,3,0.5530500842942272,220.8783929081139,94.54425272660842,0.5835901920341467,54.66055369395517,"{""learning_rate"": 0.05, ""max_depth"": 3, ""min_samples_leaf"": 2, ""n_estimators"": 300, ""subsample"": 1.0}",0.8149462907275801,24,144,22,"{""hba_hba_count"": [""hba_hbd_count"", 0.9829145858238293], ""temperature_c"": [""inv_temperature"", 0.9997238929003277], ""total_hbond_donors"": [""hbond_network_strength"", 0.9918565491980569], ""total_hbond_acceptors"": [""hbond_network_strength"", 0.9908176993795573], ""weighted_dipole_total"": [""temp_x_dipole"", 0.9748201106458918]}",5
Gradient Boosting,4,0.7159066163910957,174.70251451047983,77.02337848804402,0.510763755064185,41.08190772186639,"{""learning_rate"": 0.1, ""max_depth"": 3, ""min_samples_leaf"": 4, ""n_estimators"": 100, ""subsample"": 0.8}",0.7853238335754688,25,149,22,"{""hba_hba_count"": [""hba_hbd_count"", 0.987174627482277], ""temperature_c"": [""inv_temperature"", 0.9997234128267543], ""total_hbond_donors"": [""hbond_network_strength"", 0.9927237254242361], ""total_hbond_acceptors"": [""hbond_network_strength"", 0.9915705687711881], ""weighted_dipole_total"": [""temp_x_dipole"", 0.9743586807532177]}",5
Gradient Boosting,5,0.6366624277043471,165.19598567024042,87.7827468896521,0.7010424972648927,82.19236340440729,"{""learning_rate"": 0.05, ""max_depth"": 3, ""min_samples_leaf"": 2, ""n_estimators"": 100, ""subsample"": 1.0}",0.83341149711226,24,144,22,"{""hba_hba_count"": [""hba_hbd_count"", 0.9900858448992316], ""temperature_c"": [""inv_temperature"", 0.9997238929003275], ""total_hbond_donors"": [""hbond_network_strength"", 0.9940273635159145], ""total_hbond_acceptors"": [""hbond_network_strength"", 0.9931853537275264], ""weighted_dipole_total"": [""temp_x_dipole"", 0.9745084185965848]}",5
XGBoost,1,0.8024975629911276,151.70921169261484,82.79640460809073,0.5570887965662349,56.37466129452277,"{""colsample_bytree"": 0.8, ""learning_rate"": 0.05, ""max_depth"": 3, ""n_estimators"": 300, ""subsample"": 1.0}",0.8206744331539202,24,144,22,"{""hba_hba_count"": [""hba_hbd_count"", 0.9833946836398328], ""temperature_c"": [""inv_temperature"", 0.9997238929003277], ""total_hbond_donors"": [""hbond_network_strength"", 0.9906967827384766], ""total_hbond_acceptors"": [""hbond_network_strength"", 0.9892060981975889], ""weighted_dipole_total"": [""temp_x_dipole"", 0.9740962382200329]}",5
XGBoost,2,0.6323869225343988,230.1595297858434,117.52378946410288,0.7064182694585894,42.04711402768215,"{""colsample_bytree"": 0.8, ""learning_rate"": 0.05, ""max_depth"": 4, ""n_estimators"": 300, ""subsample"": 0.8}",0.8336053974821591,24,144,22,"{""hba_hba_count"": [""hba_hbd_count"", 0.9814495927808667], ""temperature_c"": [""inv_temperature"", 0.999723892900327], ""total_hbond_donors"": [""hbond_network_strength"", 0.991864545416373], ""total_hbond_acceptors"": [""hbond_network_strength"", 0.9902082486950557], ""weighted_dipole_total"": [""temp_x_dipole"", 0.9740822548825497]}",5
XGBoost,3,0.6295409901000542,201.0915792190712,87.38839363389546,0.5726372607910895,55.130240364052256,"{""colsample_bytree"": 1.0, ""learning_rate"": 0.1, ""max_depth"": 3, ""n_estimators"": 100, ""subsample"": 1.0}",0.8155516213508642,24,144,22,"{""hba_hba_count"": [""hba_hbd_count"", 0.9829145858238293], ""temperature_c"": [""inv_temperature"", 0.9997238929003277], ""total_hbond_donors"": [""hbond_network_strength"", 0.9918565491980569], ""total_hbond_acceptors"": [""hbond_network_strength"", 0.9908176993795573], ""weighted_dipole_total"": [""temp_x_dipole"", 0.9748201106458918]}",5
XGBoost,4,0.7288058019213791,170.6902809402611,77.26556826021847,0.5168135566393698,41.62183248664998,"{""colsample_bytree"": 0.8, ""learning_rate"": 0.1, ""max_depth"": 3, ""n_estimators"": 100, ""subsample"": 1.0}",0.7759674993830483,25,149,22,"{""hba_hba_count"": [""hba_hbd_count"", 0.987174627482277], ""temperature_c"": [""inv_temperature"", 0.9997234128267543], ""total_hbond_donors"": [""hbond_network_strength"", 0.9927237254242361], ""total_hbond_acceptors"": [""hbond_network_strength"", 0.9915705687711881], ""weighted_dipole_total"": [""temp_x_dipole"", 0.9743586807532177]}",5
XGBoost,5,0.6374718682044576,165.01187193199277,91.36816539631951,0.7447389782311854,85.02851290568199,"{""colsample_bytree"": 0.8, ""learning_rate"": 0.1, ""max_depth"": 4, ""n_estimators"": 100, ""subsample"": 1.0}",0.8347252345009268,24,144,22,"{""hba_hba_count"": [""hba_hbd_count"", 0.9900858448992316], ""temperature_c"": [""inv_temperature"", 0.9997238929003275], ""total_hbond_donors"": [""hbond_network_strength"", 0.9940273635159145], ""total_hbond_acceptors"": [""hbond_network_strength"", 0.9931853537275264], ""weighted_dipole_total"": [""temp_x_dipole"", 0.9745084185965848]}",5
Random Forest,1,0.7300423100282252,144.5750095610682,76.41919512499082,0.6066504448522808,69.75654628704262,"{""max_depth"": null, ""max_features"": 0.3, ""min_samples_leaf"": 1, ""n_estimators"": 500}",0.8037879140476909,24,144,22,"{""hba_hba_count"": [""hba_hbd_count"", 0.9824168821939306], ""temperature_c"": [""inv_temperature"", 0.9997238929003276], ""total_hbond_donors"": [""hbond_network_strength"", 0.9921698988411234], ""total_hbond_acceptors"": [""hbond_network_strength"", 0.99109855907433], ""weighted_dipole_total"": [""temp_x_dipole"", 0.9744411543081757]}",6
Random Forest,2,0.7092161075157315,166.4970977697321,89.04969594409862,0.581237914124144,48.82845119038909,"{""max_depth"": 12, ""max_features"": 0.5, ""min_samples_leaf"": 1, ""n_estimators"": 300}",0.8440077448333891,24,144,22,"{""hba_hba_count"": [""hba_hbd_count"", 0.9859015824271438], ""temperature_c"": [""inv_temperature"", 0.9997238929003276], ""total_hbond_donors"": [""hbond_network_strength"", 0.9923749116475291], ""total_hbond_acceptors"": [""hbond_network_strength"", 0.991067613864471], ""weighted_dipole_total"": [""temp_x_dipole"", 0.9745123142973029]}",6
Random Forest,3,0.775939412352856,155.42603850551052,72.79520920568443,0.40132801102569254,33.55787445076398,"{""max_depth"": null, ""max_features"": 0.3, ""min_samples_leaf"": 1, ""n_estimators"": 500}",0.7982576892032703,24,144,22,"{""hba_hba_count"": [""hba_hbd_count"", 0.9852611322977616], ""temperature_c"": [""inv_temperature"", 0.9997238929003275], ""total_hbond_donors"": [""hbond_network_strength"", 0.9928554482119886], ""total_hbond_acceptors"": [""hbond_network_strength"", 0.9912428456590312], ""weighted_dipole_total"": [""temp_x_dipole"", 0.9743128845405067]}",6
Random Forest,4,0.7190034494182267,172.98637819517486,85.13402086906741,0.5444817867007765,46.00066021203316,"{""max_depth"": 12, ""max_features"": 0.3, ""min_samples_leaf"": 1, ""n_estimators"": 500}",0.8108253292046183,25,149,21,"{""weighted_total_energy_eh"": [""weighted_dispersion_energy_eh"", 0.9528070323220305], ""hba_hba_count"": [""hba_hbd_count"", 0.9890160420078443], ""temperature_c"": [""inv_temperature"", 0.9997234128267543], ""total_hbond_donors"": [""hbond_network_strength"", 0.9932106961152831], ""total_hbond_acceptors"": [""hbond_network_strength"", 0.9926042498247114], ""weighted_dipole_total"": [""temp_x_dipole"", 0.9745631113420542]}",6
Random Forest,5,0.5730211406905898,268.58172657093706,121.29882373139483,0.6970628330898404,62.54255457699875,"{""max_depth"": null, ""max_features"": 0.3, ""min_samples_leaf"": 1, ""n_estimators"": 500}",0.8369162664806507,24,144,22,"{""hba_hba_count"": [""hba_hbd_count"", 0.9833813861647593], ""temperature_c"": [""inv_temperature"", 0.9997238929003277], ""total_hbond_donors"": [""hbond_network_strength"", 0.9903424480581732], ""total_hbond_acceptors"": [""hbond_network_strength"", 0.9886909129233646], ""weighted_dipole_total"": [""temp_x_dipole"", 0.9741323381684652]}",6
Gradient Boosting,1,0.7713390375412555,133.05812267274263,70.91587124110245,0.5713861132425293,62.933034301138335,"{""learning_rate"": 0.05, ""max_depth"": 4, ""min_samples_leaf"": 2, ""n_estimators"": 200, ""subsample"": 0.8}",0.8057827278768193,24,144,22,"{""hba_hba_count"": [""hba_hbd_count"", 0.9824168821939306], ""temperature_c"": [""inv_temperature"", 0.9997238929003276], ""total_hbond_donors"": [""hbond_network_strength"", 0.9921698988411234], ""total_hbond_acceptors"": [""hbond_network_strength"", 0.99109855907433], ""weighted_dipole_total"": [""temp_x_dipole"", 0.9744411543081757]}",6
Gradient Boosting,2,0.6457178660695433,183.77910014268303,94.02013169344016,0.6272751805939012,49.64226599989208,"{""learning_rate"": 0.05, ""max_depth"": 5, ""min_samples_leaf"": 2, ""n_estimators"": 200, ""subsample"": 1.0}",0.8321615160092266,24,144,22,"{""hba_hba_count"": [""hba_hbd_count"", 0.9859015824271438], ""temperature_c"": [""inv_temperature"", 0.9997238929003276], ""total_hbond_donors"": [""hbond_network_strength"", 0.9923749116475291], ""total_hbond_acceptors"": [""hbond_network_strength"", 0.991067613864471], ""weighted_dipole_total"": [""temp_x_dipole"", 0.9745123142973029]}",6
Gradient Boosting,3,0.8991289404269326,104.28559753930139,56.98553374319291,0.37753700119113276,30.16748867783422,"{""learning_rate"": 0.05, ""max_depth"": 3, ""min_samples_leaf"": 2, ""n_estimators"": 300, ""subsample"": 0.8}",0.7959389991298742,24,144,22,"{""hba_hba_count"": [""hba_hbd_count"", 0.9852611322977616], ""temperature_c"": [""inv_temperature"", 0.9997238929003275], ""total_hbond_donors"": [""hbond_network_strength"", 0.9928554482119886], ""total_hbond_acceptors"": [""hbond_network_strength"", 0.9912428456590312], ""weighted_dipole_total"": [""temp_x_dipole"", 0.9743128845405067]}",6
Gradient Boosting,4,0.7132417123993887,174.75089181542293,94.49703308609823,0.6198707603875682,52.77391207737242,"{""learning_rate"": 0.05, ""max_depth"": 3, ""min_samples_leaf"": 2, ""n_estimators"": 300, ""subsample"": 1.0}",0.8021896389029052,25,149,21,"{""weighted_total_energy_eh"": [""weighted_dispersion_energy_eh"", 0.9528070323220305], ""hba_hba_count"": [""hba_hbd_count"", 0.9890160420078443], ""temperature_c"": [""inv_temperature"", 0.9997234128267543], ""total_hbond_donors"": [""hbond_network_strength"", 0.9932106961152831], ""total_hbond_acceptors"": [""hbond_network_strength"", 0.9926042498247114], ""weighted_dipole_total"": [""temp_x_dipole"", 0.9745631113420542]}",6
Gradient Boosting,5,0.5169483948498352,285.6735553379394,132.2653997860744,0.7431380762211258,62.57439726582695,"{""learning_rate"": 0.05, ""max_depth"": 3, ""min_samples_leaf"": 2, ""n_estimators"": 200, ""subsample"": 0.8}",0.8355429938919607,24,144,22,"{""hba_hba_count"": [""hba_hbd_count"", 0.9833813861647593], ""temperature_c"": [""inv_temperature"", 0.9997238929003277], ""total_hbond_donors"": [""hbond_network_strength"", 0.9903424480581732], ""total_hbond_acceptors"": [""hbond_network_strength"", 0.9886909129233646], ""weighted_dipole_total"": [""temp_x_dipole"", 0.9741323381684652]}",6
XGBoost,1,0.7846201407281121,129.1361761922579,65.94666016830337,0.5499820510750169,59.263976511569695,"{""colsample_bytree"": 0.8, ""learning_rate"": 0.05, ""max_depth"": 4, ""n_estimators"": 300, ""subsample"": 1.0}",0.8110055300901182,24,144,22,"{""hba_hba_count"": [""hba_hbd_count"", 0.9824168821939306], ""temperature_c"": [""inv_temperature"", 0.9997238929003276], ""total_hbond_donors"": [""hbond_network_strength"", 0.9921698988411234], ""total_hbond_acceptors"": [""hbond_network_strength"", 0.99109855907433], ""weighted_dipole_total"": [""temp_x_dipole"", 0.9744411543081757]}",6
XGBoost,2,0.668312020394662,177.82235651295153,94.44448655777508,0.6412235142503884,56.3640601316008,"{""colsample_bytree"": 0.8, ""learning_rate"": 0.05, ""max_depth"": 5, ""n_estimators"": 200, ""subsample"": 0.8}",0.83937310507358,24,144,22,"{""hba_hba_count"": [""hba_hbd_count"", 0.9859015824271438], ""temperature_c"": [""inv_temperature"", 0.9997238929003276], ""total_hbond_donors"": [""hbond_network_strength"", 0.9923749116475291], ""total_hbond_acceptors"": [""hbond_network_strength"", 0.991067613864471], ""weighted_dipole_total"": [""temp_x_dipole"", 0.9745123142973029]}",6
XGBoost,3,0.8582775361752644,123.6119306210712,63.765259460608185,0.41026980326036944,34.33332491385541,"{""colsample_bytree"": 0.8, ""learning_rate"": 0.05, ""max_depth"": 3, ""n_estimators"": 300, ""subsample"": 0.8}",0.8078298843069323,24,144,22,"{""hba_hba_count"": [""hba_hbd_count"", 0.9852611322977616], ""temperature_c"": [""inv_temperature"", 0.9997238929003275], ""total_hbond_donors"": [""hbond_network_strength"", 0.9928554482119886], ""total_hbond_acceptors"": [""hbond_network_strength"", 0.9912428456590312], ""weighted_dipole_total"": [""temp_x_dipole"", 0.9743128845405067]}",6
XGBoost,4,0.7341431721945046,168.26171877072053,84.36984063730942,0.6210753341930261,44.08088357508228,"{""colsample_bytree"": 0.8, ""learning_rate"": 0.1, ""max_depth"": 3, ""n_estimators"": 100, ""subsample"": 0.8}",0.8024317604369005,25,149,21,"{""weighted_total_energy_eh"": [""weighted_dispersion_energy_eh"", 0.9528070323220305], ""hba_hba_count"": [""hba_hbd_count"", 0.9890160420078443], ""temperature_c"": [""inv_temperature"", 0.9997234128267543], ""total_hbond_donors"": [""hbond_network_strength"", 0.9932106961152831], ""total_hbond_acceptors"": [""hbond_network_strength"", 0.9926042498247114], ""weighted_dipole_total"": [""temp_x_dipole"", 0.9745631113420542]}",6
XGBoost,5,0.5320236029921177,281.1805329360111,131.45608095526697,0.7488303368343642,66.13036461435387,"{""colsample_bytree"": 1.0, ""learning_rate"": 0.05, ""max_depth"": 3, ""n_estimators"": 300, ""subsample"": 1.0}",0.8332220903788312,24,144,22,"{""hba_hba_count"": [""hba_hbd_count"", 0.9833813861647593], ""temperature_c"": [""inv_temperature"", 0.9997238929003277], ""total_hbond_donors"": [""hbond_network_strength"", 0.9903424480581732], ""total_hbond_acceptors"": [""hbond_network_strength"", 0.9886909129233646], ""weighted_dipole_total"": [""temp_x_dipole"", 0.9741323381684652]}",6
Random Forest,1,0.7394488634977476,172.98527681245739,80.4315326598911,0.504804521743288,46.23718785077565,"{""max_depth"": 12, ""max_features"": 0.3, ""min_samples_leaf"": 1, ""n_estimators"": 500}",0.7971375430362662,25,149,22,"{""hba_hba_count"": [""hba_hbd_count"", 0.9849157533055863], ""temperature_c"": [""inv_temperature"", 0.9997234128267543], ""total_hbond_donors"": [""hbond_network_strength"", 0.9929334072682701], ""total_hbond_acceptors"": [""hbond_network_strength"", 0.991557297989343], ""weighted_dipole_total"": [""temp_x_dipole"", 0.9747873245366016]}",7
Random Forest,2,0.5703389133721812,273.4305195653908,128.42759904772825,0.6821990333716126,51.72007510811126,"{""max_depth"": 12, ""max_features"": 0.3, ""min_samples_leaf"": 1, ""n_estimators"": 200}",0.8424064285196383,24,144,21,"{""weighted_total_energy_eh"": [""weighted_dispersion_energy_eh"", 0.9595754200596116], ""hba_hba_count"": [""hba_hbd_count"", 0.9833310521009624], ""temperature_c"": [""inv_temperature"", 0.9997238929003276], ""total_hbond_donors"": [""hbond_network_strength"", 0.99009683635196], ""total_hbond_acceptors"": [""hbond_network_strength"", 0.9879082713972417], ""weighted_dipole_total"": [""temp_x_dipole"", 0.9746013922158793]}",7
Random Forest,3,0.7780456154527166,141.69335671369785,74.6364925303116,0.502770244916805,47.59308117485316,"{""max_depth"": null, ""max_features"": 0.3, ""min_samples_leaf"": 1, ""n_estimators"": 200}",0.8122734013064532,24,144,22,"{""hba_hba_count"": [""hba_hbd_count"", 0.9853502030375696], ""temperature_c"": [""inv_temperature"", 0.9997238929003277], ""total_hbond_donors"": [""hbond_network_strength"", 0.9928364495816991], ""total_hbond_acceptors"": [""hbond_network_strength"", 0.9920030002089512], ""weighted_dipole_total"": [""temp_x_dipole"", 0.9741399989755464]}",7
Random Forest,4,0.7328325107682897,162.7026370522684,74.14789035486034,0.5443574248425292,38.53713747426208,"{""max_depth"": 12, ""max_features"": 0.7, ""min_samples_leaf"": 1, ""n_estimators"": 200}",0.824574334759617,24,144,22,"{""hba_hba_count"": [""hba_hbd_count"", 0.9878644500716489], ""temperature_c"": [""inv_temperature"", 0.9997238929003275], ""total_hbond_donors"": [""hbond_network_strength"", 0.9922137991406893], ""total_hbond_acceptors"": [""hbond_network_strength"", 0.9911883746362614], ""weighted_dipole_total"": [""temp_x_dipole"", 0.973864223974524]}",7
Random Forest,5,0.745666296170741,136.67515867435944,70.25272569076944,0.5256379123899263,51.29395312411651,"{""max_depth"": null, ""max_features"": 0.5, ""min_samples_leaf"": 1, ""n_estimators"": 200}",0.8151300001611026,24,144,22,"{""hba_hba_count"": [""hba_hbd_count"", 0.9852556336046009], ""temperature_c"": [""inv_temperature"", 0.9997238929003273], ""total_hbond_donors"": [""hbond_network_strength"", 0.9930550254250501], ""total_hbond_acceptors"": [""hbond_network_strength"", 0.9921060886218328], ""weighted_dipole_total"": [""temp_x_dipole"", 0.9744668215055096]}",7
Gradient Boosting,1,0.7152654508026197,180.83510321504977,86.31806995214369,0.5922370967958734,52.14919494699293,"{""learning_rate"": 0.05, ""max_depth"": 3, ""min_samples_leaf"": 2, ""n_estimators"": 100, ""subsample"": 0.8}",0.7792064813499189,25,149,22,"{""hba_hba_count"": [""hba_hbd_count"", 0.9849157533055863], ""temperature_c"": [""inv_temperature"", 0.9997234128267543], ""total_hbond_donors"": [""hbond_network_strength"", 0.9929334072682701], ""total_hbond_acceptors"": [""hbond_network_strength"", 0.991557297989343], ""weighted_dipole_total"": [""temp_x_dipole"", 0.9747873245366016]}",7
Gradient Boosting,2,0.6205160217612573,256.96897893312075,124.96020896645076,0.6977396200832147,49.22541747393198,"{""learning_rate"": 0.1, ""max_depth"": 3, ""min_samples_leaf"": 2, ""n_estimators"": 300, ""subsample"": 0.8}",0.8118600940072986,24,144,21,"{""weighted_total_energy_eh"": [""weighted_dispersion_energy_eh"", 0.9595754200596116], ""hba_hba_count"": [""hba_hbd_count"", 0.9833310521009624], ""temperature_c"": [""inv_temperature"", 0.9997238929003276], ""total_hbond_donors"": [""hbond_network_strength"", 0.99009683635196], ""total_hbond_acceptors"": [""hbond_network_strength"", 0.9879082713972417], ""weighted_dipole_total"": [""temp_x_dipole"", 0.9746013922158793]}",7
Gradient Boosting,3,0.7944290686175131,136.36360572369978,79.08560491458702,0.4884048221297936,51.0745621797826,"{""learning_rate"": 0.05, ""max_depth"": 3, ""min_samples_leaf"": 4, ""n_estimators"": 300, ""subsample"": 0.8}",0.7938098617469309,24,144,22,"{""hba_hba_count"": [""hba_hbd_count"", 0.9853502030375696], ""temperature_c"": [""inv_temperature"", 0.9997238929003277], ""total_hbond_donors"": [""hbond_network_strength"", 0.9928364495816991], ""total_hbond_acceptors"": [""hbond_network_strength"", 0.9920030002089512], ""weighted_dipole_total"": [""temp_x_dipole"", 0.9741399989755464]}",7
Gradient Boosting,4,0.7116786964151487,169.02118953189785,79.02767526367201,0.5737573281763754,41.95200832950969,"{""learning_rate"": 0.05, ""max_depth"": 5, ""min_samples_leaf"": 2, ""n_estimators"": 100, ""subsample"": 0.8}",0.805512284131938,24,144,22,"{""hba_hba_count"": [""hba_hbd_count"", 0.9878644500716489], ""temperature_c"": [""inv_temperature"", 0.9997238929003275], ""total_hbond_donors"": [""hbond_network_strength"", 0.9922137991406893], ""total_hbond_acceptors"": [""hbond_network_strength"", 0.9911883746362614], ""weighted_dipole_total"": [""temp_x_dipole"", 0.973864223974524]}",7
Gradient Boosting,5,0.7891673643180123,124.43901014502568,67.17827441415264,0.4954391524613329,44.10104414009976,"{""learning_rate"": 0.05, ""max_depth"": 3, ""min_samples_leaf"": 4, ""n_estimators"": 300, ""subsample"": 0.8}",0.7910234542632373,24,144,22,"{""hba_hba_count"": [""hba_hbd_count"", 0.9852556336046009], ""temperature_c"": [""inv_temperature"", 0.9997238929003273], ""total_hbond_donors"": [""hbond_network_strength"", 0.9930550254250501], ""total_hbond_acceptors"": [""hbond_network_strength"", 0.9921060886218328], ""weighted_dipole_total"": [""temp_x_dipole"", 0.9744668215055096]}",7
XGBoost,1,0.8374353868275728,136.63931067977583,65.77728475980311,0.5108881615292749,41.04187750795153,"{""colsample_bytree"": 0.8, ""learning_rate"": 0.1, ""max_depth"": 4, ""n_estimators"": 300, ""subsample"": 0.8}",0.7768644789467745,25,149,22,"{""hba_hba_count"": [""hba_hbd_count"", 0.9849157533055863], ""temperature_c"": [""inv_temperature"", 0.9997234128267543], ""total_hbond_donors"": [""hbond_network_strength"", 0.9929334072682701], ""total_hbond_acceptors"": [""hbond_network_strength"", 0.991557297989343], ""weighted_dipole_total"": [""temp_x_dipole"", 0.9747873245366016]}",7
XGBoost,2,0.6494782389399703,246.9684459537914,119.4170180135303,0.6674221012363046,51.42273881761674,"{""colsample_bytree"": 0.8, ""learning_rate"": 0.1, ""max_depth"": 3, ""n_estimators"": 300, ""subsample"": 0.8}",0.8231718818110609,24,144,21,"{""weighted_total_energy_eh"": [""weighted_dispersion_energy_eh"", 0.9595754200596116], ""hba_hba_count"": [""hba_hbd_count"", 0.9833310521009624], ""temperature_c"": [""inv_temperature"", 0.9997238929003276], ""total_hbond_donors"": [""hbond_network_strength"", 0.99009683635196], ""total_hbond_acceptors"": [""hbond_network_strength"", 0.9879082713972417], ""weighted_dipole_total"": [""temp_x_dipole"", 0.9746013922158793]}",7
XGBoost,3,0.8404737430031043,120.12508617199272,71.49845034546323,0.47635361163437884,48.21758497187585,"{""colsample_bytree"": 0.8, ""learning_rate"": 0.05, ""max_depth"": 3, ""n_estimators"": 300, ""subsample"": 0.8}",0.7988269614503911,24,144,22,"{""hba_hba_count"": [""hba_hbd_count"", 0.9853502030375696], ""temperature_c"": [""inv_temperature"", 0.9997238929003277], ""total_hbond_donors"": [""hbond_network_strength"", 0.9928364495816991], ""total_hbond_acceptors"": [""hbond_network_strength"", 0.9920030002089512], ""weighted_dipole_total"": [""temp_x_dipole"", 0.9741399989755464]}",7
XGBoost,4,0.7877285939479944,145.02689059523726,69.16613530251715,0.5177702768321792,37.54481343326269,"{""colsample_bytree"": 0.8, ""learning_rate"": 0.1, ""max_depth"": 4, ""n_estimators"": 100, ""subsample"": 0.8}",0.7999625589582273,24,144,22,"{""hba_hba_count"": [""hba_hbd_count"", 0.9878644500716489], ""temperature_c"": [""inv_temperature"", 0.9997238929003275], ""total_hbond_donors"": [""hbond_network_strength"", 0.9922137991406893], ""total_hbond_acceptors"": [""hbond_network_strength"", 0.9911883746362614], ""weighted_dipole_total"": [""temp_x_dipole"", 0.973864223974524]}",7
XGBoost,5,0.7249001123553886,142.14540830605085,74.1916476448377,0.5462782952418908,53.60159709207326,"{""colsample_bytree"": 0.8, ""learning_rate"": 0.1, ""max_depth"": 5, ""n_estimators"": 100, ""subsample"": 0.8}",0.7929264481103987,24,144,22,"{""hba_hba_count"": [""hba_hbd_count"", 0.9852556336046009], ""temperature_c"": [""inv_temperature"", 0.9997238929003273], ""total_hbond_donors"": [""hbond_network_strength"", 0.9930550254250501], ""total_hbond_acceptors"": [""hbond_network_strength"", 0.9921060886218328], ""weighted_dipole_total"": [""temp_x_dipole"", 0.9744668215055096]}",7
Random Forest,1,0.7728913455072908,153.7187097343208,72.4226655171303,0.41885236669104,34.701442243355054,"{""max_depth"": 12, ""max_features"": 0.5, ""min_samples_leaf"": 1, ""n_estimators"": 500}",0.8010120440972364,24,144,22,"{""hba_hba_count"": [""hba_hbd_count"", 0.9840713102498101], ""temperature_c"": [""inv_temperature"", 0.9997238929003273], ""total_hbond_donors"": [""hbond_network_strength"", 0.9925395941699074], ""total_hbond_acceptors"": [""hbond_network_strength"", 0.9913551213290142], ""weighted_dipole_total"": [""temp_x_dipole"", 0.9744074988283176]}",8
Random Forest,2,0.6528768966333804,227.6366225532128,108.27058040605168,0.5488651339523155,52.47968135218488,"{""max_depth"": 12, ""max_features"": 0.3, ""min_samples_leaf"": 1, ""n_estimators"": 200}",0.810323042863424,24,144,22,"{""hba_hba_count"": [""hba_hbd_count"", 0.9846047923693757], ""temperature_c"": [""inv_temperature"", 0.9997238929003275], ""total_hbond_donors"": [""hbond_network_strength"", 0.9930145681978638], ""total_hbond_acceptors"": [""hbond_network_strength"", 0.991765129728471], ""weighted_dipole_total"": [""temp_x_dipole"", 0.9746051170765211]}",8
Random Forest,3,0.7526997253940182,117.5274105294162,58.076799239927226,0.4801481491505696,44.26516967663237,"{""max_depth"": 12, ""max_features"": 0.3, ""min_samples_leaf"": 1, ""n_estimators"": 500}",0.8003253470942004,24,144,22,"{""hba_hba_count"": [""hba_hbd_count"", 0.9894698713698605], ""temperature_c"": [""inv_temperature"", 0.9997238929003275], ""total_hbond_donors"": [""hbond_network_strength"", 0.993241368380881], ""total_hbond_acceptors"": [""hbond_network_strength"", 0.9924721358581063], ""weighted_dipole_total"": [""temp_x_dipole"", 0.9745757757584411]}",8
Random Forest,4,0.5886448991009547,219.9798412327574,98.40143645167434,0.712715290026019,65.43936481444477,"{""max_depth"": 12, ""max_features"": 0.3, ""min_samples_leaf"": 1, ""n_estimators"": 500}",0.8435989124434691,24,144,22,"{""hba_hba_count"": [""hba_hbd_count"", 0.9841084878251598], ""temperature_c"": [""inv_temperature"", 0.9997238929003275], ""total_hbond_donors"": [""hbond_network_strength"", 0.9922224654113972], ""total_hbond_acceptors"": [""hbond_network_strength"", 0.9906620321073145], ""weighted_dipole_total"": [""temp_x_dipole"", 0.9740172643629943]}",8
Random Forest,5,0.7334979222550334,181.559535358762,96.94651080097196,0.5337540075736047,48.117103208718845,"{""max_depth"": 12, ""max_features"": 0.3, ""min_samples_leaf"": 1, ""n_estimators"": 300}",0.8198579008775075,25,149,22,"{""hba_hba_count"": [""hba_hbd_count"", 0.9843038205031194], ""temperature_c"": [""inv_temperature"", 0.9997234128267543], ""total_hbond_donors"": [""hbond_network_strength"", 0.9900031225967323], ""total_hbond_acceptors"": [""hbond_network_strength"", 0.9885788275320153], ""weighted_dipole_total"": [""temp_x_dipole"", 0.9743384903917304]}",8
Gradient Boosting,1,0.844444573020764,127.21914484218065,64.61503555914253,0.4095410831667688,34.93680269061928,"{""learning_rate"": 0.1, ""max_depth"": 4, ""min_samples_leaf"": 2, ""n_estimators"": 100, ""subsample"": 0.8}",0.793716827874922,24,144,22,"{""hba_hba_count"": [""hba_hbd_count"", 0.9840713102498101], ""temperature_c"": [""inv_temperature"", 0.9997238929003273], ""total_hbond_donors"": [""hbond_network_strength"", 0.9925395941699074], ""total_hbond_acceptors"": [""hbond_network_strength"", 0.9913551213290142], ""weighted_dipole_total"": [""temp_x_dipole"", 0.9744074988283176]}",8
Gradient Boosting,2,0.7172740945550817,205.43913378518258,100.95901844348424,0.5571589942678987,52.50926851237817,"{""learning_rate"": 0.05, ""max_depth"": 3, ""min_samples_leaf"": 2, ""n_estimators"": 200, ""subsample"": 0.8}",0.7788870761397422,24,144,22,"{""hba_hba_count"": [""hba_hbd_count"", 0.9846047923693757], ""temperature_c"": [""inv_temperature"", 0.9997238929003275], ""total_hbond_donors"": [""hbond_network_strength"", 0.9930145681978638], ""total_hbond_acceptors"": [""hbond_network_strength"", 0.991765129728471], ""weighted_dipole_total"": [""temp_x_dipole"", 0.9746051170765211]}",8
Gradient Boosting,3,0.6810695843657594,133.46728853288934,71.56232058410828,0.5679655740348705,62.32844154348426,"{""learning_rate"": 0.05, ""max_depth"": 3, ""min_samples_leaf"": 2, ""n_estimators"": 100, ""subsample"": 1.0}",0.7871299057329192,24,144,22,"{""hba_hba_count"": [""hba_hbd_count"", 0.9894698713698605], ""temperature_c"": [""inv_temperature"", 0.9997238929003275], ""total_hbond_donors"": [""hbond_network_strength"", 0.993241368380881], ""total_hbond_acceptors"": [""hbond_network_strength"", 0.9924721358581063], ""weighted_dipole_total"": [""temp_x_dipole"", 0.9745757757584411]}",8
Gradient Boosting,4,0.5953248346883853,218.1864203516832,108.58620556220505,0.7430185288088293,73.20420033450799,"{""learning_rate"": 0.05, ""max_depth"": 4, ""min_samples_leaf"": 2, ""n_estimators"": 200, ""subsample"": 1.0}",0.8433027345583274,24,144,22,"{""hba_hba_count"": [""hba_hbd_count"", 0.9841084878251598], ""temperature_c"": [""inv_temperature"", 0.9997238929003275], ""total_hbond_donors"": [""hbond_network_strength"", 0.9922224654113972], ""total_hbond_acceptors"": [""hbond_network_strength"", 0.9906620321073145], ""weighted_dipole_total"": [""temp_x_dipole"", 0.9740172643629943]}",8
Gradient Boosting,5,0.7672604856933848,169.6695175079753,89.7273344892347,0.5819727024270562,44.41180068600464,"{""learning_rate"": 0.05, ""max_depth"": 3, ""min_samples_leaf"": 4, ""n_estimators"": 300, ""subsample"": 0.8}",0.8123736922636141,25,149,22,"{""hba_hba_count"": [""hba_hbd_count"", 0.9843038205031194], ""temperature_c"": [""inv_temperature"", 0.9997234128267543], ""total_hbond_donors"": [""hbond_network_strength"", 0.9900031225967323], ""total_hbond_acceptors"": [""hbond_network_strength"", 0.9885788275320153], ""weighted_dipole_total"": [""temp_x_dipole"", 0.9743384903917304]}",8
XGBoost,1,0.8451562525280522,126.92779193383556,66.0841222047806,0.42151127424112556,36.22806935910519,"{""colsample_bytree"": 1.0, ""learning_rate"": 0.05, ""max_depth"": 5, ""n_estimators"": 100, ""subsample"": 0.8}",0.7911566141215671,24,144,22,"{""hba_hba_count"": [""hba_hbd_count"", 0.9840713102498101], ""temperature_c"": [""inv_temperature"", 0.9997238929003273], ""total_hbond_donors"": [""hbond_network_strength"", 0.9925395941699074], ""total_hbond_acceptors"": [""hbond_network_strength"", 0.9913551213290142], ""weighted_dipole_total"": [""temp_x_dipole"", 0.9744074988283176]}",8
XGBoost,2,0.733440082629899,199.47928182630858,97.62154973944028,0.5360934143431088,48.39065800456205,"{""colsample_bytree"": 1.0, ""learning_rate"": 0.1, ""max_depth"": 3, ""n_estimators"": 300, ""subsample"": 0.8}",0.7755183971780748,24,144,22,"{""hba_hba_count"": [""hba_hbd_count"", 0.9846047923693757], ""temperature_c"": [""inv_temperature"", 0.9997238929003275], ""total_hbond_donors"": [""hbond_network_strength"", 0.9930145681978638], ""total_hbond_acceptors"": [""hbond_network_strength"", 0.991765129728471], ""weighted_dipole_total"": [""temp_x_dipole"", 0.9746051170765211]}",8
XGBoost,3,0.5747656629428102,154.11362332299845,73.85370742281278,0.5951567023272601,54.68893107243032,"{""colsample_bytree"": 0.8, ""learning_rate"": 0.1, ""max_depth"": 5, ""n_estimators"": 100, ""subsample"": 1.0}",0.7936902644639267,24,144,22,"{""hba_hba_count"": [""hba_hbd_count"", 0.9894698713698605], ""temperature_c"": [""inv_temperature"", 0.9997238929003275], ""total_hbond_donors"": [""hbond_network_strength"", 0.993241368380881], ""total_hbond_acceptors"": [""hbond_network_strength"", 0.9924721358581063], ""weighted_dipole_total"": [""temp_x_dipole"", 0.9745757757584411]}",8
XGBoost,4,0.6291253472401773,208.87574749912034,101.48551469379001,0.7236353143102796,72.07637498804448,"{""colsample_bytree"": 0.8, ""learning_rate"": 0.05, ""max_depth"": 4, ""n_estimators"": 300, ""subsample"": 0.8}",0.8371009584887504,24,144,22,"{""hba_hba_count"": [""hba_hbd_count"", 0.9841084878251598], ""temperature_c"": [""inv_temperature"", 0.9997238929003275], ""total_hbond_donors"": [""hbond_network_strength"", 0.9922224654113972], ""total_hbond_acceptors"": [""hbond_network_strength"", 0.9906620321073145], ""weighted_dipole_total"": [""temp_x_dipole"", 0.9740172643629943]}",8
XGBoost,5,0.7394046760056967,179.53621798478596,98.1773440156207,0.675187010368056,50.70208836376283,"{""colsample_bytree"": 0.8, ""learning_rate"": 0.05, ""max_depth"": 5, ""n_estimators"": 200, ""subsample"": 0.8}",0.8088777665024225,25,149,22,"{""hba_hba_count"": [""hba_hbd_count"", 0.9843038205031194], ""temperature_c"": [""inv_temperature"", 0.9997234128267543], ""total_hbond_donors"": [""hbond_network_strength"", 0.9900031225967323], ""total_hbond_acceptors"": [""hbond_network_strength"", 0.9885788275320153], ""weighted_dipole_total"": [""temp_x_dipole"", 0.9743384903917304]}",8
Random Forest,1,0.5937742742964938,258.9079272991705,127.67092890179217,0.6185331702043763,59.25723817661689,"{""max_depth"": 12, ""max_features"": 0.3, ""min_samples_leaf"": 1, ""n_estimators"": 300}",0.8358381033691711,24,144,22,"{""hba_hba_count"": [""hba_hbd_count"", 0.9870434911722114], ""temperature_c"": [""inv_temperature"", 0.9997238929003275], ""total_hbond_donors"": [""hbond_network_strength"", 0.9927744699057494], ""total_hbond_acceptors"": [""hbond_network_strength"", 0.9915888621213033], ""weighted_dipole_total"": [""temp_x_dipole"", 0.9745634425291593]}",9
Random Forest,2,0.734259769305373,178.95512462704002,88.97969777228488,0.5742383925598673,54.666914364652754,"{""max_depth"": 12, ""max_features"": 0.3, ""min_samples_leaf"": 1, ""n_estimators"": 500}",0.82101994910056,24,144,22,"{""hba_hba_count"": [""hba_hbd_count"", 0.9824620827518217], ""temperature_c"": [""inv_temperature"", 0.999723892900327], ""total_hbond_donors"": [""hbond_network_strength"", 0.9907614810138483], ""total_hbond_acceptors"": [""hbond_network_strength"", 0.9888860777163742], ""weighted_dipole_total"": [""temp_x_dipole"", 0.97400637124917]}",9
Random Forest,3,0.7146482326894679,174.02546832187483,87.98521468871918,0.5406233996276196,50.22115146331152,"{""max_depth"": null, ""max_features"": 0.3, ""min_samples_leaf"": 1, ""n_estimators"": 500}",0.8138013015566564,24,144,22,"{""hba_hba_count"": [""hba_hbd_count"", 0.9826591796296547], ""temperature_c"": [""inv_temperature"", 0.9997238929003276], ""total_hbond_donors"": [""hbond_network_strength"", 0.9919007169165266], ""total_hbond_acceptors"": [""hbond_network_strength"", 0.9905656991952307], ""weighted_dipole_total"": [""temp_x_dipole"", 0.9746248333369355]}",9
Random Forest,4,0.7342244381777252,123.9698953514614,65.7178895162997,0.49221324233057906,49.159344906672594,"{""max_depth"": null, ""max_features"": 0.5, ""min_samples_leaf"": 1, ""n_estimators"": 200}",0.8302399515362936,25,149,22,"{""hba_hba_count"": [""hba_hbd_count"", 0.9884990670100124], ""temperature_c"": [""inv_temperature"", 0.9997234128267543], ""total_hbond_donors"": [""hbond_network_strength"", 0.9937485878495992], ""total_hbond_acceptors"": [""hbond_network_strength"", 0.9927455474614892], ""weighted_dipole_total"": [""temp_x_dipole"", 0.9741708164103724]}",9
Random Forest,5,0.6051650962020048,203.2656521342424,87.80959690354172,0.5946450467530245,39.015990273641,"{""max_depth"": 12, ""max_features"": 0.3, ""min_samples_leaf"": 1, ""n_estimators"": 300}",0.813297845845514,24,144,22,"{""hba_hba_count"": [""hba_hbd_count"", 0.9852040215218437], ""temperature_c"": [""inv_temperature"", 0.9997238929003276], ""total_hbond_donors"": [""hbond_network_strength"", 0.9921847105490217], ""total_hbond_acceptors"": [""hbond_network_strength"", 0.9914123245830389], ""weighted_dipole_total"": [""temp_x_dipole"", 0.9745360074401738]}",9
Gradient Boosting,1,0.6613729877794685,236.3863722630186,114.0721164647852,0.5916709219795875,48.693510248224996,"{""learning_rate"": 0.05, ""max_depth"": 3, ""min_samples_leaf"": 2, ""n_estimators"": 200, ""subsample"": 0.8}",0.8351138042392325,24,144,22,"{""hba_hba_count"": [""hba_hbd_count"", 0.9870434911722114], ""temperature_c"": [""inv_temperature"", 0.9997238929003275], ""total_hbond_donors"": [""hbond_network_strength"", 0.9927744699057494], ""total_hbond_acceptors"": [""hbond_network_strength"", 0.9915888621213033], ""weighted_dipole_total"": [""temp_x_dipole"", 0.9745634425291593]}",9
Gradient Boosting,2,0.8022491074410393,154.37419711055247,85.20244486448598,0.5901522043237566,52.37956880690564,"{""learning_rate"": 0.05, ""max_depth"": 3, ""min_samples_leaf"": 2, ""n_estimators"": 300, ""subsample"": 0.8}",0.8041829349733992,24,144,22,"{""hba_hba_count"": [""hba_hbd_count"", 0.9824620827518217], ""temperature_c"": [""inv_temperature"", 0.999723892900327], ""total_hbond_donors"": [""hbond_network_strength"", 0.9907614810138483], ""total_hbond_acceptors"": [""hbond_network_strength"", 0.9888860777163742], ""weighted_dipole_total"": [""temp_x_dipole"", 0.97400637124917]}",9
Gradient Boosting,3,0.7698390828578969,156.29256460094837,78.12554338554733,0.4577212464219375,40.651348865835686,"{""learning_rate"": 0.1, ""max_depth"": 3, ""min_samples_leaf"": 4, ""n_estimators"": 300, ""subsample"": 0.8}",0.7784108413954851,24,144,22,"{""hba_hba_count"": [""hba_hbd_count"", 0.9826591796296547], ""temperature_c"": [""inv_temperature"", 0.9997238929003276], ""total_hbond_donors"": [""hbond_network_strength"", 0.9919007169165266], ""total_hbond_acceptors"": [""hbond_network_strength"", 0.9905656991952307], ""weighted_dipole_total"": [""temp_x_dipole"", 0.9746248333369355]}",9
Gradient Boosting,4,0.6769615214594596,136.6739796231608,64.89453494117888,0.505113638478559,49.408642031147416,"{""learning_rate"": 0.1, ""max_depth"": 3, ""min_samples_leaf"": 2, ""n_estimators"": 300, ""subsample"": 0.8}",0.831397497263305,25,149,22,"{""hba_hba_count"": [""hba_hbd_count"", 0.9884990670100124], ""temperature_c"": [""inv_temperature"", 0.9997234128267543], ""total_hbond_donors"": [""hbond_network_strength"", 0.9937485878495992], ""total_hbond_acceptors"": [""hbond_network_strength"", 0.9927455474614892], ""weighted_dipole_total"": [""temp_x_dipole"", 0.9741708164103724]}",9
Gradient Boosting,5,0.5291331074719567,221.97563475476557,97.172808383614,0.6421102079216613,46.82643972095629,"{""learning_rate"": 0.05, ""max_depth"": 3, ""min_samples_leaf"": 4, ""n_estimators"": 200, ""subsample"": 0.8}",0.8141684845497337,24,144,22,"{""hba_hba_count"": [""hba_hbd_count"", 0.9852040215218437], ""temperature_c"": [""inv_temperature"", 0.9997238929003276], ""total_hbond_donors"": [""hbond_network_strength"", 0.9921847105490217], ""total_hbond_acceptors"": [""hbond_network_strength"", 0.9914123245830389], ""weighted_dipole_total"": [""temp_x_dipole"", 0.9745360074401738]}",9
XGBoost,1,0.6360295990985221,245.07255011667843,122.76698690983984,0.605894798092395,54.388330534887494,"{""colsample_bytree"": 0.8, ""learning_rate"": 0.1, ""max_depth"": 4, ""n_estimators"": 100, ""subsample"": 0.8}",0.8285374683339074,24,144,22,"{""hba_hba_count"": [""hba_hbd_count"", 0.9870434911722114], ""temperature_c"": [""inv_temperature"", 0.9997238929003275], ""total_hbond_donors"": [""hbond_network_strength"", 0.9927744699057494], ""total_hbond_acceptors"": [""hbond_network_strength"", 0.9915888621213033], ""weighted_dipole_total"": [""temp_x_dipole"", 0.9745634425291593]}",9
XGBoost,2,0.7877523447105304,159.93257744603912,86.55660000311005,0.5900538948705575,55.416213957311335,"{""colsample_bytree"": 0.8, ""learning_rate"": 0.1, ""max_depth"": 3, ""n_estimators"": 300, ""subsample"": 0.8}",0.8078618548788216,24,144,22,"{""hba_hba_count"": [""hba_hbd_count"", 0.9824620827518217], ""temperature_c"": [""inv_temperature"", 0.999723892900327], ""total_hbond_donors"": [""hbond_network_strength"", 0.9907614810138483], ""total_hbond_acceptors"": [""hbond_network_strength"", 0.9888860777163742], ""weighted_dipole_total"": [""temp_x_dipole"", 0.97400637124917]}",9
XGBoost,3,0.7722358203119589,155.476673386088,81.189958769083,0.5052978087174107,47.708410692380475,"{""colsample_bytree"": 1.0, ""learning_rate"": 0.1, ""max_depth"": 4, ""n_estimators"": 200, ""subsample"": 0.8}",0.7646997326064666,24,144,22,"{""hba_hba_count"": [""hba_hbd_count"", 0.9826591796296547], ""temperature_c"": [""inv_temperature"", 0.9997238929003276], ""total_hbond_donors"": [""hbond_network_strength"", 0.9919007169165266], ""total_hbond_acceptors"": [""hbond_network_strength"", 0.9905656991952307], ""weighted_dipole_total"": [""temp_x_dipole"", 0.9746248333369355]}",9
XGBoost,4,0.5551215610855244,160.39077697177575,74.92466563218393,0.5539407655706675,57.97579020606075,"{""colsample_bytree"": 0.8, ""learning_rate"": 0.1, ""max_depth"": 3, ""n_estimators"": 200, ""subsample"": 1.0}",0.8273003768415207,25,149,22,"{""hba_hba_count"": [""hba_hbd_count"", 0.9884990670100124], ""temperature_c"": [""inv_temperature"", 0.9997234128267543], ""total_hbond_donors"": [""hbond_network_strength"", 0.9937485878495992], ""total_hbond_acceptors"": [""hbond_network_strength"", 0.9927455474614892], ""weighted_dipole_total"": [""temp_x_dipole"", 0.9741708164103724]}",9
XGBoost,5,0.4828905551702173,232.62022092119193,103.81662420564228,0.6725474206821725,52.19580613526777,"{""colsample_bytree"": 0.8, ""learning_rate"": 0.1, ""max_depth"": 4, ""n_estimators"": 200, ""subsample"": 1.0}",0.8301971237745033,24,144,22,"{""hba_hba_count"": [""hba_hbd_count"", 0.9852040215218437], ""temperature_c"": [""inv_temperature"", 0.9997238929003276], ""total_hbond_donors"": [""hbond_network_strength"", 0.9921847105490217], ""total_hbond_acceptors"": [""hbond_network_strength"", 0.9914123245830389], ""weighted_dipole_total"": [""temp_x_dipole"", 0.9745360074401738]}",9
Random Forest,1,0.5268679194073946,233.83387610893115,111.54022000921967,0.6521487240985259,45.78867701985522,"{""max_depth"": null, ""max_features"": 0.3, ""min_samples_leaf"": 1, ""n_estimators"": 200}",0.8469196980428499,25,149,22,"{""hba_hba_count"": [""hba_hbd_count"", 0.9853079284874723], ""temperature_c"": [""inv_temperature"", 0.9997234128267543], ""total_hbond_donors"": [""hbond_network_strength"", 0.9922411549029798], ""total_hbond_acceptors"": [""hbond_network_strength"", 0.9910125476025401], ""weighted_dipole_total"": [""temp_x_dipole"", 0.9742807138578687]}",10
Random Forest,2,0.6824592224530255,200.76127916745446,95.32741019977905,0.6962683710696224,54.55604021263953,"{""max_depth"": null, ""max_features"": 0.7, ""min_samples_leaf"": 1, ""n_estimators"": 500}",0.8505018455149945,24,144,22,"{""hba_hba_count"": [""hba_hbd_count"", 0.9870816541753861], ""temperature_c"": [""inv_temperature"", 0.9997238929003276], ""total_hbond_donors"": [""hbond_network_strength"", 0.992669065683649], ""total_hbond_acceptors"": [""hbond_network_strength"", 0.991782534168328], ""weighted_dipole_total"": [""temp_x_dipole"", 0.9744194296985267]}",10
Random Forest,3,0.7523962237623172,154.84327789436435,79.57340103970417,0.4777835948475174,35.89667818437909,"{""max_depth"": null, ""max_features"": 0.3, ""min_samples_leaf"": 1, ""n_estimators"": 200}",0.8153333081398288,24,144,22,"{""hba_hba_count"": [""hba_hbd_count"", 0.983923407893219], ""temperature_c"": [""inv_temperature"", 0.9997238929003275], ""total_hbond_donors"": [""hbond_network_strength"", 0.9920174552970182], ""total_hbond_acceptors"": [""hbond_network_strength"", 0.9911155514040533], ""weighted_dipole_total"": [""temp_x_dipole"", 0.9749174268329972]}",10
Random Forest,4,0.787823487360452,140.8288592082073,67.286919682854,0.48351052884700446,51.15331042846193,"{""max_depth"": 12, ""max_features"": 0.3, ""min_samples_leaf"": 1, ""n_estimators"": 300}",0.8063624140192316,24,144,22,"{""hba_hba_count"": [""hba_hbd_count"", 0.9861701139803368], ""temperature_c"": [""inv_temperature"", 0.9997238929003275], ""total_hbond_donors"": [""hbond_network_strength"", 0.9930650432631537], ""total_hbond_acceptors"": [""hbond_network_strength"", 0.9915050195027899], ""weighted_dipole_total"": [""temp_x_dipole"", 0.9739707319285743]}",10
Random Forest,5,0.7604396131923123,172.03034405847615,84.59676613315663,0.5414187469437703,57.475526318287095,"{""max_depth"": null, ""max_features"": 0.3, ""min_samples_leaf"": 1, ""n_estimators"": 200}",0.8226473427856658,24,144,22,"{""hba_hba_count"": [""hba_hbd_count"", 0.9837466116828848], ""temperature_c"": [""inv_temperature"", 0.9997238929003275], ""total_hbond_donors"": [""hbond_network_strength"", 0.9916917688343913], ""total_hbond_acceptors"": [""hbond_network_strength"", 0.9901267374712532], ""weighted_dipole_total"": [""temp_x_dipole"", 0.9742172472401898]}",10
Gradient Boosting,1,0.5551578983820611,226.7353170384775,105.77594926569097,0.642122865268959,43.629227899031875,"{""learning_rate"": 0.05, ""max_depth"": 3, ""min_samples_leaf"": 2, ""n_estimators"": 300, ""subsample"": 0.8}",0.8504094074734705,25,149,22,"{""hba_hba_count"": [""hba_hbd_count"", 0.9853079284874723], ""temperature_c"": [""inv_temperature"", 0.9997234128267543], ""total_hbond_donors"": [""hbond_network_strength"", 0.9922411549029798], ""total_hbond_acceptors"": [""hbond_network_strength"", 0.9910125476025401], ""weighted_dipole_total"": [""temp_x_dipole"", 0.9742807138578687]}",10
Gradient Boosting,2,0.6936547775678044,197.19039551543145,98.4926987326844,0.7441769142777126,63.12531371461452,"{""learning_rate"": 0.1, ""max_depth"": 4, ""min_samples_leaf"": 4, ""n_estimators"": 200, ""subsample"": 0.8}",0.8606375272774508,24,144,22,"{""hba_hba_count"": [""hba_hbd_count"", 0.9870816541753861], ""temperature_c"": [""inv_temperature"", 0.9997238929003276], ""total_hbond_donors"": [""hbond_network_strength"", 0.992669065683649], ""total_hbond_acceptors"": [""hbond_network_strength"", 0.991782534168328], ""weighted_dipole_total"": [""temp_x_dipole"", 0.9744194296985267]}",10
Gradient Boosting,3,0.7706073420226282,149.04021940906802,75.94342100802409,0.5506155628102801,39.81044460565269,"{""learning_rate"": 0.05, ""max_depth"": 4, ""min_samples_leaf"": 2, ""n_estimators"": 200, ""subsample"": 0.8}",0.8117066651755439,24,144,22,"{""hba_hba_count"": [""hba_hbd_count"", 0.983923407893219], ""temperature_c"": [""inv_temperature"", 0.9997238929003275], ""total_hbond_donors"": [""hbond_network_strength"", 0.9920174552970182], ""total_hbond_acceptors"": [""hbond_network_strength"", 0.9911155514040533], ""weighted_dipole_total"": [""temp_x_dipole"", 0.9749174268329972]}",10
Gradient Boosting,4,0.8392647513033789,122.57405989483622,66.28131405074924,0.5034689802850888,54.424015998245345,"{""learning_rate"": 0.05, ""max_depth"": 3, ""min_samples_leaf"": 2, ""n_estimators"": 200, ""subsample"": 0.8}",0.796569524509016,24,144,22,"{""hba_hba_count"": [""hba_hbd_count"", 0.9861701139803368], ""temperature_c"": [""inv_temperature"", 0.9997238929003275], ""total_hbond_donors"": [""hbond_network_strength"", 0.9930650432631537], ""total_hbond_acceptors"": [""hbond_network_strength"", 0.9915050195027899], ""weighted_dipole_total"": [""temp_x_dipole"", 0.9739707319285743]}",10
Gradient Boosting,5,0.8357016336347576,142.46696669487986,73.15850328858295,0.507581073887518,50.960579389715356,"{""learning_rate"": 0.05, ""max_depth"": 5, ""min_samples_leaf"": 2, ""n_estimators"": 200, ""subsample"": 0.8}",0.8048754109982479,24,144,22,"{""hba_hba_count"": [""hba_hbd_count"", 0.9837466116828848], ""temperature_c"": [""inv_temperature"", 0.9997238929003275], ""total_hbond_donors"": [""hbond_network_strength"", 0.9916917688343913], ""total_hbond_acceptors"": [""hbond_network_strength"", 0.9901267374712532], ""weighted_dipole_total"": [""temp_x_dipole"", 0.9742172472401898]}",10
XGBoost,1,0.5433578428873802,229.7228692962683,109.09725884495165,0.681785320499071,47.17635239302801,"{""colsample_bytree"": 0.8, ""learning_rate"": 0.1, ""max_depth"": 3, ""n_estimators"": 100, ""subsample"": 1.0}",0.8510247720254853,25,149,22,"{""hba_hba_count"": [""hba_hbd_count"", 0.9853079284874723], ""temperature_c"": [""inv_temperature"", 0.9997234128267543], ""total_hbond_donors"": [""hbond_network_strength"", 0.9922411549029798], ""total_hbond_acceptors"": [""hbond_network_strength"", 0.9910125476025401], ""weighted_dipole_total"": [""temp_x_dipole"", 0.9742807138578687]}",10
XGBoost,2,0.6605508834296632,207.5714139023719,101.69838839372,0.7932343246100417,60.59559265256775,"{""colsample_bytree"": 1.0, ""learning_rate"": 0.05, ""max_depth"": 5, ""n_estimators"": 300, ""subsample"": 0.8}",0.8643861914057032,24,144,22,"{""hba_hba_count"": [""hba_hbd_count"", 0.9870816541753861], ""temperature_c"": [""inv_temperature"", 0.9997238929003276], ""total_hbond_donors"": [""hbond_network_strength"", 0.992669065683649], ""total_hbond_acceptors"": [""hbond_network_strength"", 0.991782534168328], ""weighted_dipole_total"": [""temp_x_dipole"", 0.9744194296985267]}",10
XGBoost,3,0.7565241558025749,153.54711631065325,80.44608177410231,0.526212280996188,43.158235449102314,"{""colsample_bytree"": 0.8, ""learning_rate"": 0.1, ""max_depth"": 3, ""n_estimators"": 300, ""subsample"": 0.8}",0.8126655016307529,24,144,22,"{""hba_hba_count"": [""hba_hbd_count"", 0.983923407893219], ""temperature_c"": [""inv_temperature"", 0.9997238929003275], ""total_hbond_donors"": [""hbond_network_strength"", 0.9920174552970182], ""total_hbond_acceptors"": [""hbond_network_strength"", 0.9911155514040533], ""weighted_dipole_total"": [""temp_x_dipole"", 0.9749174268329972]}",10
XGBoost,4,0.7741288414472572,145.3026040168712,75.9962492969301,0.5808809050219157,65.38830011246446,"{""colsample_bytree"": 0.8, ""learning_rate"": 0.1, ""max_depth"": 3, ""n_estimators"": 100, ""subsample"": 0.8}",0.806464441219699,24,144,22,"{""hba_hba_count"": [""hba_hbd_count"", 0.9861701139803368], ""temperature_c"": [""inv_temperature"", 0.9997238929003275], ""total_hbond_donors"": [""hbond_network_strength"", 0.9930650432631537], ""total_hbond_acceptors"": [""hbond_network_strength"", 0.9915050195027899], ""weighted_dipole_total"": [""temp_x_dipole"", 0.9739707319285743]}",10
XGBoost,5,0.8111533465269729,152.7397944019748,75.64488614731366,0.5258448999268538,51.26956294991856,"{""colsample_bytree"": 0.8, ""learning_rate"": 0.05, ""max_depth"": 5, ""n_estimators"": 200, ""subsample"": 0.8}",0.8017294795150899,24,144,22,"{""hba_hba_count"": [""hba_hbd_count"", 0.9837466116828848], ""temperature_c"": [""inv_temperature"", 0.9997238929003275], ""total_hbond_donors"": [""hbond_network_strength"", 0.9916917688343913], ""total_hbond_acceptors"": [""hbond_network_strength"", 0.9901267374712532], ""weighted_dipole_total"": [""temp_x_dipole"", 0.9742172472401898]}",10
