feature,pooled_mean_abs_shap,fold_mean,fold_sd,fold_cv_percent,rank_min,rank_max,fold1,fold2,fold3,fold4,fold5
inv_temperature,0.7882292693182893,0.7882528591812288,0.012720417957418392,1.6137484069047716,1.0,1.0,0.7848323290550041,0.8035397186801688,0.7947706436596575,0.7888173051334231,0.7693042993778899
weighted_lumo_energy_ev,0.3510382966203272,0.35109337037152677,0.054663791096051614,15.569587952688035,2.0,2.0,0.343107676447589,0.31617185837026907,0.2975885575089598,0.4390412546409473,0.35955750488986865
hbond_network_strength,0.1570938567030855,0.15737128598177974,0.02925039664268132,18.58687019058095,3.0,4.0,0.11714404057111238,0.15883385641480363,0.1740671177255107,0.14311040456676347,0.19370101063070855
hbd_hba_count,0.13599740470443222,0.1362427460711745,0.027070496223147063,19.869311947812015,3.0,5.0,0.1006682478935447,0.11645053574655588,0.14447228388998137,0.15290883801505606,0.1667138248107345
mw_ratio,0.06665926617859766,0.06668920622441442,0.036655556719891784,54.96475186185745,4.0,16.0,0.062347899580983794,0.12458967140200237,0.04826164204850633,0.02624854336159728,0.07199827472898233
hbd_mw,0.06648341249761092,0.06660794021368194,0.01781442894089418,26.745203175093707,6.0,9.0,0.04855142138338394,0.09346525661494248,0.07234196100310639,0.06580399491193917,0.05287706715503772
weighted_total_energy_eh,0.061849777431305875,0.06201384557007402,0.019028258692341805,30.683887634158037,5.0,11.0,0.03822396544869189,0.06660076489966313,0.08344823217061353,0.0750292637388576,0.04676700159254395
weighted_solvation_energy_eh,0.0509171035224053,0.05083804691075515,0.013625024207487044,26.80084117197778,6.0,12.0,0.06230125560002636,0.04659818552034668,0.03867196701296503,0.06802258346178444,0.03859624295865324
temp_x_solvation,0.04901107493885277,0.04886919780763067,0.017288158115583516,35.376390223626835,5.0,14.0,0.06944138183483546,0.02785399385315476,0.06264463036220422,0.04730342951057828,0.03710255347738062
temp_x_dipole,0.04113087013050595,0.04116844547473849,0.017298697618013812,42.0193121662282,7.0,16.0,0.035720020561020804,0.02321508799489678,0.02949150810229177,0.06554016299136488,0.051875447724118215
hbd_hbd_count,0.040959368470611275,0.04095473998095031,0.015285943794241889,37.323991804982754,9.0,15.0,0.041625870981788805,0.04721959733293672,0.06250779954007306,0.03021693489296032,0.02320349715699267
donor_acceptor_ratio,0.03970557228513971,0.03957527110145967,0.013122010641765632,33.15709602626487,8.0,17.0,0.058468942735065525,0.047403399133780194,0.03164688472769822,0.026238847792670994,0.03411828111808341
hba_mw,0.03688107307519829,0.03697438362718353,0.01339278021932417,36.22178088041964,8.0,17.0,0.023444353589324368,0.05356891482054757,0.0445021040651827,0.04022993686510809,0.023126608795754906
hbd_hba_ratio,0.03337450071608002,0.033524343713238015,0.020500899312268395,61.15227635067184,9.0,19.0,0.011797109125328274,0.018946921993648627,0.03525107652279269,0.06488056426959356,0.036746046654826926
dipole_total_difference,0.032800695967564644,0.032960723701134925,0.03162822328313255,95.957308370761,5.0,21.0,0.009756702333442677,0.03454109079121366,0.0848004020470546,0.03043439593742809,0.005271027396535632
interaction_strength,0.03005286796543291,0.03000132096893085,0.009373156277720795,31.242478580951712,12.0,19.0,0.03747563546173011,0.017613138013932658,0.037884853745287335,0.03466190329165946,0.02237107433204468
avg_molecular_weight,0.025277992211990633,0.02528734188290681,0.0059605357697183545,23.571223093825562,12.0,18.0,0.02393163960006067,0.02130264740751152,0.02280930204839296,0.03581817520537526,0.02257494515319365
hba_hbd_count,0.020979815751674676,0.02095926431425374,0.005587275237948185,26.657783184443424,15.0,21.0,0.0239392227402899,0.026839014990232418,0.016045274415692992,0.023960704229361696,0.014012105195691689
total_energy_eh_difference,0.01922304545257039,0.01918503381553662,0.005352636635359799,27.900063595535972,14.0,20.0,0.024696721185432466,0.013413151974024068,0.025035845536262973,0.017114314640436414,0.015665135741527197
weighted_dispersion_energy_eh,0.018860698659775656,0.01889065435117103,0.008974210658837228,47.506086830078054,13.0,21.0,0.014547079098841552,0.03412083166766297,0.018343986212774475,0.010757166012949628,0.016684208763626533
hba_moles,0.012916996515051458,0.012986424500641766,0.009712633161686364,74.79066436805898,17.0,22.0,0.0029193665900473097,0.0023263596203160247,0.016639567620470863,0.022798657047903632,0.020248171624471
hbd_moles,0.002726761990077262,0.0027278700662260137,0.002293444778909798,84.0745608562933,21.0,22.0,0.0025671990246569506,0.006600276374927373,0.0016274101338695445,0.0022582403272213077,0.0005862244704548927
