fold,des_name,n_rows
1,A:OA,6
1,BBB:GL,6
1,BBC:GL,6
1,BBC:TW20,6
1,BMC:C,6
1,BMC:O,6
1,BMC:X,6
1,CC:12BD,6
1,CC:G,6
1,CC:TW20,6
1,Ca:S,6
1,G:12BD,6
1,H:DA,6
1,I:G,6
1,I:X,6
1,L:P400,5
1,M:12BD,6
1,M:P400,6
1,S:P400,6
1,TBB:EG,6
1,TEB:M,6
1,TEC:M,6
1,TMC:L,6
1,TW80:DOA,6
1,X:TX,6
2,BBB:12BD,6
2,BBC:12BD,6
2,BBC:TX,6
2,BMC:EG,6
2,BMC:GL,6
2,BMC:I,6
2,C:DA,6
2,CC:16HD,6
2,CC:GL,6
2,CC:TX,6
2,Cr:12BD,6
2,F:TX,6
2,H:DOA,6
2,I:S,6
2,L:DOA,6
2,M:F,6
2,M:S,6
2,S:GL,6
2,TBB:G,6
2,TEB:T,6
2,TEC:O,6
2,TMC:M,6
2,TX100:DA,6
2,X:P400,6
3,BBB:16HD,6
3,BBC:16HD,6
3,BBC:G,6
3,BBC:I,6
3,BEC:I,6
3,BMC:F,6
3,BMC:TW20,6
3,C:DOA,6
3,CC:C,6
3,CC:O,6
3,CC:X,6
3,Cr:EG,6
3,G:GL,6
3,H:HA,6
3,I:TW20,6
3,M:G,6
3,M:X,6
3,P400:G,6
3,S:12BD,6
3,TBC:I,6
3,TEC:C,6
3,TEC:T,6
3,TW20:DA,6
3,TX100:DOA,6
4,A:DOA,6
4,BBB:EG,6
4,BBC:C,6
4,BBC:M,6
4,BMC:12BD,6
4,BMC:G,6
4,BMC:TW80,6
4,C:HA,6
4,CC:EG,6
4,CC:S,6
4,Ca:L,6
4,F:12BD,6
4,H:OA,6
4,I:TW80,6
4,L:DA,6
4,L:HA,6
4,M:L,6
4,P400:F,6
4,TBB:12BD,6
4,TBC:TX,6
4,TEC:I,6
4,TMC:C,6
4,TW20:DOA,6
4,X:12BD,6
5,A:DA,6
5,A:HA,6
5,BBB:G,6
5,BBC:EG,6
5,BBC:O,6
5,BMC:16HD,6
5,BMC:S,6
5,BMC:TX100,6
5,C:OA,6
5,CC:F,6
5,CC:T,6
5,Ca:M,6
5,F:GL,6
5,G:TX,6
5,I:F,6
5,I:TX100,6
5,L:OA,6
5,M:M,6
5,TBB:16HD,6
5,TEB:L,6
5,TEC:L,6
5,TMC:I,6
5,TW80:DA,6
5,X:GL,6
